attacker,L,enrollment_speakers,curve_type,linkability_mean,linkabilitystd,chance
original,1,20,orig,0.8216205293998788,0.002222303832672066,0.05
original,1,120,orig,0.7001010305112143,0.005518004991294681,0.008333333333333333
original,1,220,orig,0.6533441099211962,0.0035011992107157747,0.004545454545454545
original,1,320,orig,0.6240048494645383,0.0033869188668025074,0.003125
original,1,420,orig,0.6005657708628005,0.003313800767831872,0.002380952380952381
original,1,520,orig,0.5817740957769246,0.005369503168382377,0.0019230769230769232
original,1,620,orig,0.5685997171145687,0.003337372854647422,0.0016129032258064516
original,1,720,orig,0.5554253384522125,0.0010334784281708735,0.001388888888888889
original,1,820,orig,0.5456455849666599,0.004708672188686042,0.0012195121951219512
original,1,920,orig,0.5344109921196201,0.0015196278583118335,0.0010869565217391304
original,1,1020,orig,0.5279450394018994,0.0016828177663089335,0.000980392156862745
original,1,1120,orig,0.518124873711861,0.0011022979751049448,0.0008928571428571428
original,1,1220,orig,0.5130329359466559,0.003349584285326684,0.000819672131147541
original,1,1320,orig,0.5044655485956759,0.0018234817818029493,0.0007575757575757576
original,1,1420,orig,0.49872701555869875,0.002489208097706131,0.0007042253521126761
original,1,1520,orig,0.49242271165892104,0.004288266201618865,0.0006578947368421052
original,1,1620,orig,0.48914932309557485,0.0026171387930801703,0.0006172839506172839
original,1,1720,orig,0.48442109517074156,0.0017643063207066565,0.0005813953488372093
original,1,1820,orig,0.48118811881188117,0.0023095141745370132,0.0005494505494505495
original,1,1920,orig,0.47589412002424736,0.0028271218318678807,0.0005208333333333333
original,1,2020,orig,0.4711254798949283,0.0028074123148851796,0.0004950495049504951
original,1,2120,orig,0.4670842594463528,0.004289408571536982,0.0004716981132075472
original,1,2220,orig,0.46676096181046667,0.002776409624137035,0.00045045045045045046
original,1,2320,orig,0.4597696504344312,0.004506640326353009,0.0004310344827586207
original,1,2420,orig,0.4570620327338856,0.001963218072578887,0.00041322314049586776
original,1,2520,orig,0.4531420488987674,0.0025192074965461595,0.0003968253968253968
original,1,2620,orig,0.4486562942008486,0.002273882383776147,0.0003816793893129771
original,1,2720,orig,0.4456657910689028,0.0025385813335283046,0.0003676470588235294
original,1,2820,orig,0.44526166902404524,0.0014435701030100518,0.0003546099290780142
original,1,2920,orig,0.4417862194382704,0.0019490249427015437,0.00034246575342465754
original,1,3020,orig,0.43928066276015354,0.0030079279152844486,0.00033112582781456954
original,1,3120,orig,0.43467367144877744,0.002870120170469141,0.0003205128205128205
original,1,3220,orig,0.4346332592442918,0.00231445885039828,0.00031055900621118014
original,1,3320,orig,0.4322085269751465,0.0027139435668427337,0.00030120481927710846
original,1,3420,orig,0.42562133764396853,0.0033510466666603995,0.00029239766081871346
original,1,3520,orig,0.4275611234592847,0.0022931923150715174,0.0002840909090909091
original,1,3620,orig,0.42453020812285314,0.0020326977312522493,0.00027624309392265195
original,1,3720,orig,0.42327742978379473,0.0010491618497269841,0.00026881720430107527
original,1,3820,orig,0.4186300262679329,0.0022369533244046124,0.0002617801047120419
original,1,3920,orig,0.41741766013336024,0.003415727881853379,0.00025510204081632655
original,1,4020,orig,0.4161648817943019,0.0025482130160330366,0.0002487562189054726
original,1,4120,orig,0.4151141644776722,0.004642305267577091,0.00024271844660194174
original,1,4220,orig,0.4126086077995555,0.0012056119531360938,0.00023696682464454977
original,1,4320,orig,0.4133764396847848,0.0019937597710315714,0.0002314814814814815
original,1,4420,orig,0.40929480703172355,0.0017550253182952935,0.00022624434389140272
original,1,4520,orig,0.40723378460295007,0.0021407027905676326,0.00022123893805309734
original,1,4620,orig,0.40331380076783185,0.0031640459294505303,0.00021645021645021645
original,1,4720,orig,0.40691048696706406,0.0038069068825478136,0.000211864406779661
original,1,4820,orig,0.4038795716306325,0.0017540945172124325,0.0002074688796680498
original,1,4920,orig,0.4007274196807436,0.0027509997858343087,0.0002032520325203252
original,1,5020,orig,0.3989492826833704,0.0018054805337392303,0.00019920318725099602
original,1,5120,orig,0.40068700747625785,0.0029113620778869085,0.0001953125
original,1,5220,orig,0.39559506971105274,0.0036469635636058972,0.00019157088122605365
original,1,5320,orig,0.39308951303293593,0.0032596394956679437,0.00018796992481203009
original,1,5420,orig,0.3968882602545969,0.0029068709651815764,0.00018450184501845018
original,1,5520,orig,0.3928874520105072,0.002174762424259238,0.00018115942028985507
original,1,5620,orig,0.3922408567387351,0.0011096811653057903,0.00017793594306049823
original,1,5720,orig,0.3900990099009901,0.0033192174901403937,0.00017482517482517483
original,1,5820,orig,0.38888664376641746,0.0023059757717012815,0.0001718213058419244
original,1,5920,orig,0.386825621337644,0.0015153229548799897,0.00016891891891891893
original,1,6020,orig,0.3855324307940998,0.0014115376194441644,0.00016611295681063124
original,1,6120,orig,0.3861790260658719,0.004155585238419155,0.0001633986928104575
original,1,6220,orig,0.38225904223075374,0.0018712203520372037,0.0001607717041800643
original,1,6320,orig,0.38254192766215395,0.0011947258435315692,0.00015822784810126583
original,1,6420,orig,0.38124873711860985,0.0018225859420132836,0.00015576323987538941
original,1,6520,orig,0.37765205091937765,0.002994323467826662,0.00015337423312883436
original,1,6620,orig,0.3754697918771469,0.001772617676254707,0.00015105740181268882
original,1,6720,orig,0.37688421903414826,0.0023158696757962375,0.00014880952380952382
original,1,6820,orig,0.3753889674681754,0.0017587435964428373,0.0001466275659824047
original,1,6920,orig,0.37615679935340474,0.0020027499201234803,0.00014450867052023122
original,1,7020,orig,0.3743786623560315,0.00394179573622033,0.00014245014245014244
original,1,7120,orig,0.3717518690644574,0.0032060914884297705,0.0001404494382022472
original,1,7220,orig,0.3724388765407153,0.0006689410126185834,0.00013850415512465375
original,1,7320,orig,0.3728834107900586,0.0018189981709318135,0.0001366120218579235
original,1,7420,orig,0.3697312588401697,0.0021815105397075376,0.00013477088948787063
original,1,7520,orig,0.3704182663164276,0.0014925185138508293,0.00013297872340425532
original,1,7620,orig,0.36924631238634065,0.0015153229548799923,0.00013123359580052493
original,1,7720,orig,0.367872297433825,0.002351559753643345,0.00012953367875647668
original,1,7820,orig,0.368033946251768,0.00032831030125827143,0.0001278772378516624
original,1,7920,orig,0.3656900383915943,0.0018181001219158713,0.00012626262626262626
original,1,8020,orig,0.365407152960194,0.0027869775145793704,0.00012468827930174563
original,1,8120,orig,0.3631440695089917,0.0021207745828897948,0.0001231527093596059
original,1,8220,orig,0.36209335219236205,0.004097406944639026,0.00012165450121654502
original,1,8320,orig,0.36362901596282077,0.0010584603640096074,0.0001201923076923077
original,1,8420,orig,0.3601939785815317,0.0018099976299501873,0.00011876484560570071
original,1,8520,orig,0.361285108102647,0.0015174769331597227,0.00011737089201877934
original,1,8620,orig,0.3605576884219034,0.002715748250783818,0.0001160092807424594
original,1,8720,orig,0.3577692463123864,0.002778173730821938,0.00011467889908256881
original,1,8820,orig,0.35918367346938773,0.0019781350980837263,0.00011337868480725624
original,1,8920,orig,0.35764800969892907,0.0005715148766914829,0.00011210762331838565
original,1,9020,orig,0.356839765609214,0.0007667676686607601,0.00011086474501108647
original,1,9120,orig,0.3560315215194989,0.004697212591164376,0.00010964912280701755
original,1,9220,orig,0.35481915538492625,0.0019507000826263414,0.00010845986984815618
original,1,9320,orig,0.35461709436249744,0.002843250612137859,0.00010729613733905579
original,1,9420,orig,0.35696100222267124,0.0028507079553119256,0.00010615711252653928
original,1,9520,orig,0.3513032935946656,0.002399682010798711,0.0001050420168067227
original,1,9620,orig,0.35118205698120836,0.0025844860707730046,0.00010395010395010396
original,1,9720,orig,0.348110729440291,0.002085833566468206,0.00010288065843621399
original,1,9820,orig,0.3490402101434633,0.003570481731438528,0.00010183299389002037
original,1,9920,orig,0.3503738128914932,0.0007773442740622792,0.00010080645161290323
original,1,10020,orig,0.34855526368963424,0.0019921208395823385,9.98003992015968e-05
original,1,10120,orig,0.3491210345524348,0.0019607208681686355,9.881422924901186e-05
original,1,10220,orig,0.3467771266922611,0.0013119970160232568,9.784735812133073e-05
original,1,10320,orig,0.3483532026672055,0.0018825321800528653,9.689922480620155e-05
original,1,10420,orig,0.3472216609416044,0.002098323699453987,9.596928982725528e-05
original,1,10520,orig,0.3470195999191755,0.0008534537111312553,9.505703422053231e-05
original,1,10620,orig,0.3443928066276015,0.0016691757064508765,9.416195856873823e-05
original,1,10720,orig,0.34463527985451603,0.002372303111164132,9.328358208955224e-05
original,1,10820,orig,0.3437057991513437,0.0020326977312522705,9.242144177449168e-05
original,1,10920,orig,0.34293796726611436,0.0016924947740045953,9.157509157509158e-05
original,1,11020,orig,0.34128106688219845,0.0015494273196751457,9.074410163339382e-05
original,1,11120,orig,0.34269549403919985,0.0020326977312522705,8.992805755395684e-05
original,1,11220,orig,0.34253384522125685,0.002765801354983824,8.9126559714795e-05
original,1,11320,orig,0.34010911295211155,0.0006312588139750654,8.833922261484099e-05
original,1,11420,orig,0.3387755102040816,0.002010887905374796,8.756567425569177e-05
original,1,11520,orig,0.34035158617902606,0.001927962892200698,8.680555555555556e-05
original,1,11620,orig,0.33845221256819563,0.002103764814680997,8.605851979345956e-05
original,1,11720,orig,0.3384118003637099,0.0023955951239084798,8.532423208191126e-05
original,1,11820,orig,0.3363103657304506,0.0011329840993231915,8.460236886632826e-05
original,1,11920,orig,0.3369973732067084,0.002759890253217034,8.389261744966443e-05
original,1,12020,orig,0.33546170943624976,0.0029542399486760166,8.319467554076539e-05
original,1,12120,orig,0.3372802586381087,0.0014480883303430209,8.250825082508251e-05
original,1,12220,orig,0.3328753283491614,0.002781111421957617,8.183306055646482e-05
original,1,12320,orig,0.3347342897555062,0.0037249443917730172,8.116883116883117e-05
original,1,12420,orig,0.3348151141644776,0.0018386442782101185,8.051529790660226e-05
original,1,12520,orig,0.3331582137805617,0.0014593226983445331,7.987220447284345e-05
original,1,12620,orig,0.3325924429177612,0.00042384677638720135,7.92393026941363e-05
original,1,12720,orig,0.3319054354415033,0.0020826993294362876,7.861635220125786e-05
original,1,12820,orig,0.33053142048898765,0.002466138016147494,7.800312012480499e-05
original,1,12920,orig,0.3320670842594463,0.002309514174537007,7.739938080495357e-05
original,1,13020,orig,0.3297635886037583,0.002731936759936237,7.680491551459293e-05
original,1,13120,orig,0.32919781774095774,0.0005772017319493189,7.621951219512195e-05
original,1,13220,orig,0.329319054354415,0.0018712203520372189,7.5642965204236e-05
original,1,13320,orig,0.3298444130127298,0.0022630834512022617,7.507507507507507e-05
original,1,13420,orig,0.3290361689230147,0.001477119974338023,7.451564828614009e-05
original,1,13520,orig,0.3285916346736714,0.001248207331701791,7.396449704142012e-05
original,1,13620,orig,0.3275005051525561,0.0015724450562411446,7.342143906020558e-05
original,1,13720,orig,0.3279854516063851,0.00247605151457512,7.28862973760933e-05
original,1,13820,orig,0.3285108102646999,0.0016033004182564052,7.23589001447178e-05
original,1,13920,orig,0.32564154374621135,0.0019904805586623262,7.183908045977011e-05
original,1,14020,orig,0.3252374217013538,0.00101915701862342,7.132667617689016e-05
original,1,14120,orig,0.32451000202061026,0.0011286514482739107,7.082152974504249e-05
original,1,14220,orig,0.32523742170135383,0.001118476662202304,7.032348804500703e-05
original,1,14320,orig,0.32430794099818144,0.0016514703367712736,6.983240223463687e-05
original,1,14420,orig,0.32547989492826834,0.001985551585619433,6.934812760055478e-05
original,1,14520,orig,0.32467165083855326,0.0021091918934249177,6.887052341597796e-05
original,1,14620,orig,0.32402505556678113,0.001604318710145813,6.839945280437756e-05
original,1,14720,orig,0.32265104061426547,0.0009338630032969469,6.793478260869565e-05
original,1,14820,orig,0.3212770256617498,0.0026190101832321137,6.747638326585695e-05
original,1,14920,orig,0.32208526975146495,0.0004426935199071899,6.702412868632708e-05
original,1,15020,orig,0.3194988886643767,0.0018972228077277075,6.657789613848202e-05
original,1,15120,orig,0.3211153768438068,0.0012547322445956872,6.613756613756614e-05
original,1,15220,orig,0.3193372398464336,0.002266688811861821,6.570302233902759e-05
original,1,15320,orig,0.32010507173166297,0.0015776295248286906,6.527415143603133e-05
original,1,15420,orig,0.31885229339260457,0.0012586309559424135,6.485084306095979e-05
original,1,15520,orig,0.3196201252778339,0.0006181878577804844,6.443298969072165e-05
original,1,15620,orig,0.31844817134774706,0.0015755577845720664,6.402048655569782e-05
original,1,15720,orig,0.32030713275409173,0.0008418939848858151,6.361323155216285e-05
original,1,15820,orig,0.31877146898363307,0.0010429167832340938,6.321112515802781e-05
original,1,15920,orig,0.317801576075975,0.00023564162032109034,6.28140703517588e-05
original,1,16020,orig,0.317801576075975,0.0015515339519460412,6.242197253433208e-05
original,1,16120,orig,0.31719539300868865,0.000968207601593127,6.203473945409429e-05
original,1,16220,orig,0.31586179026065875,0.0012217592610895864,6.165228113440197e-05
original,1,16320,orig,0.31638714891897357,0.001459322698344544,6.127450980392157e-05
original,1,16420,orig,0.31460901192160035,0.0005715148766914987,6.090133982947625e-05
original,1,16520,orig,0.31517478278440086,0.0008418939848858253,6.053268765133172e-05
original,1,16620,orig,0.3152960193978582,0.0017781369973732006,6.016847172081829e-05
original,1,16720,orig,0.3140836532632855,0.0006834323914038319,5.980861244019139e-05
original,1,16820,orig,0.3153364316023439,0.0010737789658990808,5.945303210463734e-05
original,1,16920,orig,0.3141644776722571,0.001503420912324775,5.9101654846335695e-05
original,1,17020,orig,0.31343705799151345,0.0010013749600617436,5.8754406580493536e-05
original,1,17120,orig,0.31279046271974137,0.0018118013151311267,5.841121495327103e-05
original,1,17220,orig,0.31230551626591235,0.0014034152640279214,5.8072009291521487e-05
original,1,17320,orig,0.3115780965851688,0.0009215400485747597,5.7736720554272516e-05
original,1,17420,orig,0.3126692261062841,0.0020270658644549497,5.74052812858783e-05
original,1,17520,orig,0.31218427965245504,0.002271726703989519,5.7077625570776254e-05
original,1,17620,orig,0.31008284501919575,0.001832416091938509,5.675368898978434e-05
original,1,17720,orig,0.31117397454031115,0.0009390947697411428,5.64334085778781e-05
original,1,17820,orig,0.31000202061022425,0.0010948649977081462,5.611672278338945e-05
original,1,17920,orig,0.309719135178824,0.000942566481284349,5.580357142857143e-05
original,1,18020,orig,0.3100020206102243,0.0014760139315214919,5.549389567147614e-05
original,1,18120,orig,0.3085067690442514,0.0007046108617564207,5.518763796909492e-05
original,1,18220,orig,0.30846635683976564,0.001639560539511074,5.48847420417124e-05
original,1,18320,orig,0.30862800565770865,0.0014034152640279194,5.458515283842795e-05
original,1,18420,orig,0.3090725399070519,0.0004160691105672714,5.428881650380022e-05
original,1,18520,orig,0.3078197615679935,0.001027138009871795,5.3995680345572353e-05
original,1,18620,orig,0.3076581127500505,0.0006075286473377752,5.3705692803437166e-05
original,1,18720,orig,0.3074964639321075,0.0016583782201400785,5.341880341880342e-05
original,1,18820,orig,0.3079814103859365,0.0018624721958865117,5.313496280552604e-05
original,1,18920,orig,0.3069711052737927,0.0012015412202318499,5.285412262156448e-05
original,1,19020,orig,0.30612244897959184,0.0008476935527744133,5.257623554153522e-05
original,1,19120,orig,0.3055970903212771,0.0011257537504291103,5.230125523012552e-05
original,1,19220,orig,0.30600121236613453,0.0007407679442240329,5.202913631633715e-05
original,1,19320,orig,0.3060416245706204,0.0010429167832341035,5.175983436853002e-05
original,1,19420,orig,0.30495049504950494,0.0009849309037747995,5.149330587023687e-05
original,1,19520,orig,0.3053546170943625,0.0011878713644533597,5.122950819672131e-05
original,1,19620,orig,0.30438472418670437,0.0009614368359967936,5.0968399592252805e-05
original,1,19720,orig,0.3052333804809052,0.0015099245659542788,5.070993914807302e-05
original,1,19820,orig,0.30377854111941804,0.0011184766622023168,5.0454086781029264e-05
original,1,19920,orig,0.30272782380278845,0.0005015022689832585,5.020080321285141e-05
original,1,20020,orig,0.3032127702566175,0.001118476662202303,4.995004995004995e-05
original,1,20120,orig,0.3026065871893312,0.0010429167832341063,4.970178926441352e-05
original,1,20220,orig,0.30333400687007483,0.0005481778123358563,4.945598417408506e-05
original,1,20320,orig,0.30244493837138814,0.00041212523852033505,4.921259842519685e-05
original,1,20420,orig,0.3019599919175591,0.00024247322691453024,4.897159647404505e-05
original,1,20520,orig,0.3011921600323298,0.0003747673669628611,4.8732943469785574e-05
original,1,20620,orig,0.30111133562335823,0.0006689410126185835,4.8496605237633365e-05
original,1,20720,orig,0.30171751869064456,0.00046780508800930623,4.826254826254826e-05
original,1,20820,orig,0.3006263891695292,0.0008122752573142827,4.803073967339097e-05
original,1,20920,orig,0.3004647403515862,0.0006260631798274174,4.780114722753346e-05
original,1,21020,orig,0.3009900990099009,0.0005939356822266858,4.757373929590866e-05
original,1,21120,orig,0.29993938169327133,0.0005361284769214593,4.734848484848485e-05
original,1,21220,orig,0.29900990099009894,0.0007046108617564124,4.7125353440150804e-05
original,1,21320,orig,0.2996160840573853,0.0003476389277447044,4.6904315196998124e-05
original,1,21420,orig,0.299009900990099,0.00034763892774469275,4.668534080298786e-05
original,1,21520,orig,0.29884825217215594,0.0005111784457738439,4.646840148698885e-05
original,1,21620,orig,0.29848454233178423,0.00029696784111333835,4.625346901017576e-05
original,1,21720,orig,0.2982016569003839,0.0001512086234299305,4.604051565377532e-05
original,1,21820,orig,0.2982016569003839,0.0003476389277447044,4.5829514207149406e-05
original,1,21920,orig,0.2976762982420691,0.00015120862342993052,4.562043795620438e-05
IGNORANT,1,20,anon,0.15223277429783794,0.0028074123148851705,0.05
IGNORANT,1,120,anon,0.05184885835522327,0.001726883056716226,0.008333333333333333
IGNORANT,1,220,anon,0.036936754899979794,0.0009162080459692566,0.004545454545454545
IGNORANT,1,320,anon,0.028409779753485555,0.0006338406603903063,0.003125
IGNORANT,1,420,anon,0.02432814710042433,0.0004536258702898288,0.002380952380952381
IGNORANT,1,520,anon,0.019357445948676503,0.0012676813207806127,0.0019230769230769232
IGNORANT,1,620,anon,0.018347140836532633,0.0011022979751049385,0.0016129032258064516
IGNORANT,1,720,anon,0.016488179430187915,0.0009268413773432781,0.001388888888888889
IGNORANT,1,820,anon,0.015599110931501315,0.0004314842696314935,0.0012195121951219512
IGNORANT,1,920,anon,0.014588805819357445,0.0007815348395964324,0.0010869565217391304
IGNORANT,1,1020,anon,0.012487371186098202,0.000832138221134532,0.000980392156862745
IGNORANT,1,1120,anon,0.012527783390583955,0.0008182847739469222,0.0008928571428571428
IGNORANT,1,1220,anon,0.011275005051525561,0.0005911795853032044,0.000819672131147541
IGNORANT,1,1320,anon,0.010709234188724995,0.0006999599141519001,0.0007575757575757576
IGNORANT,1,1420,anon,0.011153768438068297,0.0008321382211345322,0.0007042253521126761
IGNORANT,1,1520,anon,0.01006263891695292,0.0013728258437230173,0.0006578947368421052
IGNORANT,1,1620,anon,0.009698929076581127,0.0012779461144345847,0.0006172839506172839
IGNORANT,1,1720,anon,0.008486562942008485,0.0006128814260700382,0.0005813953488372093
IGNORANT,1,1820,anon,0.009173570418266316,0.0006952778554894022,0.0005494505494505495
IGNORANT,1,1920,anon,0.00868862396443726,0.0004607700242873864,0.0005208333333333333
IGNORANT,1,2020,anon,0.008244089715093958,0.000692924962597787,0.0004950495049504951
IGNORANT,1,2120,anon,0.00860779955546575,0.0007069248609632612,0.0004716981132075472
IGNORANT,1,2220,anon,0.00876944837340877,0.0006834323914038297,0.00045045045045045046
IGNORANT,1,2320,anon,0.007880379874722166,0.0009648281581178681,0.0004310344827586207
IGNORANT,1,2420,anon,0.00747625782986462,0.0004041220448575472,0.00041322314049586776
IGNORANT,1,2520,anon,0.007759143261264902,0.0005206748323590677,0.0003968253968253968
IGNORANT,1,2620,anon,0.007759143261264902,0.0005511489875524696,0.0003816793893129771
IGNORANT,1,2720,anon,0.007355021216407355,0.00047128324064217423,0.0003676470588235294
IGNORANT,1,2820,anon,0.007072135785007072,0.0004607700242873866,0.0003546099290780142
IGNORANT,1,2920,anon,0.0071125479894928265,0.000467805088009304,0.00034246575342465754
IGNORANT,1,3020,anon,0.007435845625378865,0.00023564162032108733,0.00033112582781456954
IGNORANT,1,3120,anon,0.006950899171549808,0.0002424732269145281,0.0003205128205128205
IGNORANT,1,3220,anon,0.00662760153566377,0.00118787136445335,0.00031055900621118014
IGNORANT,1,3320,anon,0.006708425944635279,0.00015120862342994312,0.00030120481927710846
IGNORANT,1,3420,anon,0.006465952717720752,0.0003381127607735202,0.00029239766081871346
IGNORANT,1,3520,anon,0.00654677712669226,0.00027408890616792344,0.0002840909090909091
IGNORANT,1,3620,anon,0.005819357445948676,0.0005481778123358473,0.00027624309392265195
IGNORANT,1,3720,anon,0.006506364922206506,0.00023564162032108712,0.00026881720430107527
IGNORANT,1,3820,anon,0.00602141846837745,0.0005628768752145533,0.0002617801047120419
IGNORANT,1,3920,anon,0.006061830672863204,0.0003130315899137134,0.00025510204081632655
IGNORANT,1,4020,anon,0.006465952717720752,0.0001277946114434585,0.0002487562189054726
IGNORANT,1,4120,anon,0.005374823196605375,0.0004160691105672661,0.00024271844660194174
IGNORANT,1,4220,anon,0.005576884219034148,0.0007624959492468459,0.00023696682464454977
IGNORANT,1,4320,anon,0.00602141846837745,0.0004314842696314938,0.0002314814814814815
IGNORANT,1,4420,anon,0.0055364720145483935,0.00047128324064217407,0.00022624434389140272
IGNORANT,1,4520,anon,0.005657708628005657,0.0004426935199071861,0.00022123893805309734
IGNORANT,1,4620,anon,0.0053344109921196195,0.0005206748323590678,0.00021645021645021645
IGNORANT,1,4720,anon,0.005576884219034147,0.00024247322691452818,0.000211864406779661
IGNORANT,1,4820,anon,0.005132349969690846,0.0005206748323590676,0.0002074688796680498
IGNORANT,1,4920,anon,0.00541523540109113,0.00039181085935876577,0.0002032520325203252
IGNORANT,1,5020,anon,0.005536472014548394,0.00045362587028982917,0.00019920318725099602
IGNORANT,1,5120,anon,0.00525358658314811,0.00046077002428738666,0.0001953125
IGNORANT,1,5220,anon,0.005051525560719338,0.0003381127607735202,0.00019157088122605365
IGNORANT,1,5320,anon,0.004930288947262074,0.0006952778554894021,0.00018796992481203009
IGNORANT,1,5420,anon,0.0047282279248333,0.00037476736696284924,0.00018450184501845018
IGNORANT,1,5520,anon,0.005011113356233582,0.000467805088009304,0.00018115942028985507
IGNORANT,1,5620,anon,0.005011113356233583,0.0008982061333963577,0.00017793594306049823
IGNORANT,1,5720,anon,0.005011113356233583,0.0001512086234299432,0.00017482517482517483
IGNORANT,1,5820,anon,0.004849464538290564,0.00028575743834574575,0.0001718213058419244
IGNORANT,1,5920,anon,0.004728227924833299,0.0005361284769214629,0.00016891891891891893
IGNORANT,1,6020,anon,0.0047282279248333,0.00027408890616792387,0.00016611295681063124
IGNORANT,1,6120,anon,0.004889876742776318,0.0002969678411133372,0.0001633986928104575
IGNORANT,1,6220,anon,0.004566579106890281,0.0003747673669628493,0.0001607717041800643
IGNORANT,1,6320,anon,0.0048494645382905635,0.0004238467763872102,0.00015822784810126583
IGNORANT,1,6420,anon,0.004243281471004243,0.0002857574383457455,0.00015576323987538941
IGNORANT,1,6520,anon,0.004566579106890281,0.0003523054308782115,0.00015337423312883436
IGNORANT,1,6620,anon,0.00464740351586179,0.0003381127607735202,0.00015105740181268882
IGNORANT,1,6720,anon,0.004485754697918771,0.0002356416203210871,0.00014880952380952382
IGNORANT,1,6820,anon,0.004324105879975752,0.0005206748323590675,0.0001466275659824047
IGNORANT,1,6920,anon,0.004364518084461507,0.0005206748323590675,0.00014450867052023122
IGNORANT,1,7020,anon,0.004324105879975753,0.0006952778554894021,0.00014245014245014244
IGNORANT,1,7120,anon,0.003879571630632451,0.00039181085935876566,0.0001404494382022472
IGNORANT,1,7220,anon,0.004324105879975752,0.000206062619260165,0.00013850415512465375
IGNORANT,1,7320,anon,0.004202869266518488,0.0004678050880093038,0.0001366120218579235
IGNORANT,1,7420,anon,0.0041624570620327345,0.0002740889061679235,0.00013477088948787063
IGNORANT,1,7520,anon,0.0037583350171751873,0.0003024172468598863,0.00013297872340425532
IGNORANT,1,7620,anon,0.0037583350171751873,0.00035230543087821166,0.00013123359580052493
IGNORANT,1,7720,anon,0.00404122044857547,0.0003614577454030777,0.00012953367875647668
IGNORANT,1,7820,anon,0.004364518084461507,0.0003283103012582727,0.0001278772378516624
IGNORANT,1,7920,anon,0.004485754697918771,0.0003232976358860376,0.00012626262626262626
IGNORANT,1,8020,anon,0.004243281471004242,0.00042384677638721013,0.00012468827930174563
IGNORANT,1,8120,anon,0.004324105879975752,0.00045362587028982917,0.0001231527093596059
IGNORANT,1,8220,anon,0.00412204485754698,0.0003959571214844499,0.00012165450121654502
IGNORANT,1,8320,anon,0.004122044857546979,0.0003747673669628491,0.0001201923076923077
IGNORANT,1,8420,anon,0.004162457062032734,0.00030241724685988597,0.00011876484560570071
IGNORANT,1,8520,anon,0.004283693675489998,0.0004314842696314936,0.00011737089201877934
IGNORANT,1,8620,anon,0.0039603960396039604,0.00030241724685988613,0.0001160092807424594
IGNORANT,1,8720,anon,0.0035966861992321685,0.0004849464538290562,0.00011467889908256881
IGNORANT,1,8820,anon,0.003677510608203678,0.0003918108593587658,0.00011337868480725624
IGNORANT,1,8920,anon,0.004000808244089715,0.0003703839721120097,0.00011210762331838565
IGNORANT,1,9020,anon,0.003798747221660942,0.0003476389277447011,0.00011086474501108647
IGNORANT,1,9120,anon,0.003637098403717923,0.0004238467763872101,0.00010964912280701755
IGNORANT,1,9220,anon,0.003879571630632451,0.00039181085935876577,0.00010845986984815618
IGNORANT,1,9320,anon,0.0039603960396039604,0.0002424732269145281,0.00010729613733905579
IGNORANT,1,9420,anon,0.0037179228126894325,0.000453625870289829,0.00010615711252653928
IGNORANT,1,9520,anon,0.0037583350171751873,0.0006208240652955026,0.0001050420168067227
IGNORANT,1,9620,anon,0.003798747221660942,0.0003232976358860376,0.00010395010395010396
IGNORANT,1,9720,anon,0.0037179228126894325,0.0003747673669628493,0.00010288065843621399
IGNORANT,1,9820,anon,0.003475449585774904,0.00037038397211200966,0.00010183299389002037
IGNORANT,1,9920,anon,0.003677510608203677,0.00045001126391836904,0.00010080645161290323
IGNORANT,1,10020,anon,0.0034754495857749037,0.0002969678411133376,9.98003992015968e-05
IGNORANT,1,10120,anon,0.003232976358860376,0.00022134675995359306,9.881422924901186e-05
IGNORANT,1,10220,anon,0.0035966861992321685,0.00015120862342994315,9.784735812133073e-05
IGNORANT,1,10320,anon,0.0036775106082036777,0.0003918108593587658,9.689922480620155e-05
IGNORANT,1,10420,anon,0.003515861790260659,0.0004712832406421742,9.596928982725528e-05
IGNORANT,1,10520,anon,0.003637098403717923,0.0004949464018555623,9.505703422053231e-05
IGNORANT,1,10620,anon,0.003232976358860376,0.0002555892228869168,9.416195856873823e-05
IGNORANT,1,10720,anon,0.0033542129723176397,0.00027408890616792354,9.328358208955224e-05
IGNORANT,1,10820,anon,0.003475449585774904,0.00029696784111333743,9.242144177449168e-05
IGNORANT,1,10920,anon,0.003273388563346131,0.00034763892774470104,9.157509157509158e-05
IGNORANT,1,11020,anon,0.0034350373812891493,0.00033811276077352014,9.074410163339382e-05
IGNORANT,1,11120,anon,0.00327338856334613,0.0003918108593587658,8.992805755395684e-05
IGNORANT,1,11220,anon,0.003677510608203678,0.00032329763588603773,8.9126559714795e-05
IGNORANT,1,11320,anon,0.0033946251768033945,0.0002356416203210871,8.833922261484099e-05
IGNORANT,1,11420,anon,0.0034350373812891493,0.00036145774540307773,8.756567425569177e-05
IGNORANT,1,11520,anon,0.0033542129723176397,0.00030241724685988613,8.680555555555556e-05
IGNORANT,1,11620,anon,0.0034350373812891493,0.00046077002428738655,8.605851979345956e-05
IGNORANT,1,11720,anon,0.003313800767831885,0.00041606911056726615,8.532423208191126e-05
IGNORANT,1,11820,anon,0.00327338856334613,0.0004314842696314937,8.460236886632826e-05
IGNORANT,1,11920,anon,0.0033542129723176397,0.0002424732269145282,8.389261744966443e-05
IGNORANT,1,12020,anon,0.00327338856334613,0.00039181085935876577,8.319467554076539e-05
IGNORANT,1,12120,anon,0.0033138007678318857,0.0002740889061679235,8.250825082508251e-05
IGNORANT,1,12220,anon,0.0033542129723176397,0.0002424732269145282,8.183306055646482e-05
IGNORANT,1,12320,anon,0.0033542129723176405,0.0002740889061679235,8.116883116883117e-05
IGNORANT,1,12420,anon,0.0031521519498888665,0.0002424732269145281,8.051529790660226e-05
IGNORANT,1,12520,anon,0.0034350373812891493,0.00022134675995359306,7.987220447284345e-05
IGNORANT,1,12620,anon,0.00327338856334613,0.0003232976358860376,7.92393026941363e-05
IGNORANT,1,12720,anon,0.00327338856334613,0.00046780508800930396,7.861635220125786e-05
IGNORANT,1,12820,anon,0.0030309153364316025,0.0002857574383457456,7.800312012480499e-05
IGNORANT,1,12920,anon,0.003111739745403112,0.00020606261926016498,7.739938080495357e-05
IGNORANT,1,13020,anon,0.0031117397454031117,0.00032831030125827273,7.680491551459293e-05
IGNORANT,1,13120,anon,0.0031117397454031117,0.0002740889061679235,7.621951219512195e-05
IGNORANT,1,13220,anon,0.003232976358860376,0.00033811276077352014,7.5642965204236e-05
IGNORANT,1,13320,anon,0.0030713275409173573,0.0001979785607422249,7.507507507507507e-05
IGNORANT,1,13420,anon,0.0030713275409173573,0.0003232976358860375,7.451564828614009e-05
IGNORANT,1,13520,anon,0.003313800767831885,0.0003523054308782116,7.396449704142012e-05
IGNORANT,1,13620,anon,0.0030309153364316025,0.00040412204485754696,7.342143906020558e-05
IGNORANT,1,13720,anon,0.0031521519498888665,9.898928037111231e-05,7.28862973760933e-05
IGNORANT,1,13820,anon,0.0028288543140028294,0.00018072887270153895,7.23589001447178e-05
IGNORANT,1,13920,anon,0.002950090927460093,9.898928037111253e-05,7.183908045977011e-05
IGNORANT,1,14020,anon,0.002909678722974338,0.0002740889061679235,7.132667617689016e-05
IGNORANT,1,14120,anon,0.002909678722974338,0.00016164881794301887,7.082152974504249e-05
IGNORANT,1,14220,anon,0.002950090927460093,9.898928037111253e-05,7.032348804500703e-05
IGNORANT,1,14320,anon,0.002828854314002829,0.00028575743834574564,6.983240223463687e-05
IGNORANT,1,14420,anon,0.002909678722974338,0.00016164881794301887,6.934812760055478e-05
IGNORANT,1,14520,anon,0.002788442109517074,0.00019797856074222505,6.887052341597796e-05
IGNORANT,1,14620,anon,0.003111739745403112,0.0002424732269145281,6.839945280437756e-05
IGNORANT,1,14720,anon,0.002828854314002829,0.00028575743834574564,6.793478260869565e-05
IGNORANT,1,14820,anon,0.002909678722974338,9.898928037111253e-05,6.747638326585695e-05
IGNORANT,1,14920,anon,0.002909678722974338,0.00020606261926016503,6.702412868632708e-05
IGNORANT,1,15020,anon,0.0030309153364316025,0.0003381127607735201,6.657789613848202e-05
IGNORANT,1,15120,anon,0.0027480299050313198,0.00020606261926016517,6.613756613756614e-05
IGNORANT,1,15220,anon,0.0029905031319458477,0.0003232976358860375,6.570302233902759e-05
IGNORANT,1,15320,anon,0.0027884421095170746,0.00023564162032108722,6.527415143603133e-05
IGNORANT,1,15420,anon,0.002788442109517074,0.00026806423846073145,6.485084306095979e-05
IGNORANT,1,15520,anon,0.002748029905031319,0.0002740889061679237,6.443298969072165e-05
IGNORANT,1,15620,anon,0.0030309153364316025,0.0002555892228869168,6.402048655569782e-05
IGNORANT,1,15720,anon,0.0028288543140028294,0.0001277946114434585,6.361323155216285e-05
IGNORANT,1,15820,anon,0.002950090927460093,0.00037476736696284924,6.321112515802781e-05
IGNORANT,1,15920,anon,0.002828854314002829,0.00028575743834574564,6.28140703517588e-05
IGNORANT,1,16020,anon,0.0027480299050313198,0.00016164881794301887,6.242197253433208e-05
IGNORANT,1,16120,anon,0.0025863810870883006,0.00015120862342994315,6.203473945409429e-05
IGNORANT,1,16220,anon,0.0027480299050313198,0.00016164881794301887,6.165228113440197e-05
IGNORANT,1,16320,anon,0.00266720549605981,0.00019797856074222505,6.127450980392157e-05
IGNORANT,1,16420,anon,0.0027884421095170746,0.00023564162032108722,6.090133982947625e-05
IGNORANT,1,16520,anon,0.0027480299050313193,0.0002060626192601652,6.053268765133172e-05
IGNORANT,1,16620,anon,0.002707617700545565,9.898928037111253e-05,6.016847172081829e-05
IGNORANT,1,16720,anon,0.002707617700545565,9.898928037111253e-05,5.980861244019139e-05
IGNORANT,1,16820,anon,0.002707617700545565,0.00016164881794301887,5.945303210463734e-05
IGNORANT,1,16920,anon,0.0027480299050313198,9.898928037111253e-05,5.9101654846335695e-05
IGNORANT,1,17020,anon,0.00266720549605981,0.00019797856074222505,5.8754406580493536e-05
IGNORANT,1,17120,anon,0.0027480299050313193,0.00016164881794301887,5.841121495327103e-05
IGNORANT,1,17220,anon,0.0027480299050313198,0.00016164881794301887,5.8072009291521487e-05
IGNORANT,1,17320,anon,0.00266720549605981,0.00023564162032108722,5.7736720554272516e-05
IGNORANT,1,17420,anon,0.0026267932915740554,0.00018072887270153895,5.74052812858783e-05
IGNORANT,1,17520,anon,0.0027480299050313198,9.898928037111253e-05,5.7077625570776254e-05
IGNORANT,1,17620,anon,0.0024247322691452818,0.0,5.675368898978434e-05
IGNORANT,1,17720,anon,0.0026267932915740554,0.000255589222886917,5.64334085778781e-05
IGNORANT,1,17820,anon,0.002707617700545565,9.898928037111253e-05,5.611672278338945e-05
IGNORANT,1,17920,anon,0.00266720549605981,0.00015120862342994315,5.580357142857143e-05
IGNORANT,1,18020,anon,0.0025459688826025458,0.00016164881794301887,5.549389567147614e-05
IGNORANT,1,18120,anon,0.0025055566781167914,0.00016164881794301887,5.518763796909492e-05
IGNORANT,1,18220,anon,0.0026267932915740554,0.0001277946114434585,5.48847420417124e-05
IGNORANT,1,18320,anon,0.0026267932915740554,0.0003130315899137132,5.458515283842795e-05
IGNORANT,1,18420,anon,0.002545968882602546,0.00016164881794301887,5.428881650380022e-05
IGNORANT,1,18520,anon,0.00266720549605981,8.082440897150943e-05,5.3995680345572353e-05
IGNORANT,1,18620,anon,0.002626793291574055,0.000255589222886917,5.3705692803437166e-05
IGNORANT,1,18720,anon,0.0027480299050313193,0.0002060626192601652,5.341880341880342e-05
IGNORANT,1,18820,anon,0.0024651444736310366,8.082440897150943e-05,5.313496280552604e-05
IGNORANT,1,18920,anon,0.0025459688826025458,9.898928037111253e-05,5.285412262156448e-05
IGNORANT,1,19020,anon,0.0024651444736310366,8.082440897150943e-05,5.257623554153522e-05
IGNORANT,1,19120,anon,0.0025863810870883006,0.00015120862342994315,5.230125523012552e-05
IGNORANT,1,19220,anon,0.002505556678116791,9.898928037111253e-05,5.202913631633715e-05
IGNORANT,1,19320,anon,0.0026267932915740554,0.0001277946114434585,5.175983436853002e-05
IGNORANT,1,19420,anon,0.002505556678116791,9.898928037111253e-05,5.149330587023687e-05
IGNORANT,1,19520,anon,0.002505556678116791,9.898928037111253e-05,5.122950819672131e-05
IGNORANT,1,19620,anon,0.0024247322691452818,0.0,5.0968399592252805e-05
IGNORANT,1,19720,anon,0.0024247322691452818,0.0,5.070993914807302e-05
IGNORANT,1,19820,anon,0.0024247322691452818,0.0,5.0454086781029264e-05
IGNORANT,1,19920,anon,0.0024247322691452818,0.0,5.020080321285141e-05
IGNORANT,1,20020,anon,0.0024247322691452818,0.0,4.995004995004995e-05
IGNORANT,1,20120,anon,0.002505556678116791,9.898928037111253e-05,4.970178926441352e-05
IGNORANT,1,20220,anon,0.0025863810870883006,0.00015120862342994315,4.945598417408506e-05
IGNORANT,1,20320,anon,0.0024651444736310366,8.082440897150943e-05,4.921259842519685e-05
IGNORANT,1,20420,anon,0.0025459688826025458,9.898928037111253e-05,4.897159647404505e-05
IGNORANT,1,20520,anon,0.0024651444736310366,8.082440897150943e-05,4.8732943469785574e-05
IGNORANT,1,20620,anon,0.002505556678116791,9.898928037111253e-05,4.8496605237633365e-05
IGNORANT,1,20720,anon,0.0024651444736310366,8.082440897150943e-05,4.826254826254826e-05
IGNORANT,1,20820,anon,0.0024247322691452818,0.0,4.803073967339097e-05
IGNORANT,1,20920,anon,0.0024247322691452818,0.0,4.780114722753346e-05
IGNORANT,1,21020,anon,0.002505556678116791,9.898928037111253e-05,4.757373929590866e-05
IGNORANT,1,21120,anon,0.0024247322691452818,0.0,4.734848484848485e-05
IGNORANT,1,21220,anon,0.0024651444736310366,8.082440897150943e-05,4.7125353440150804e-05
IGNORANT,1,21320,anon,0.0024651444736310366,8.082440897150943e-05,4.6904315196998124e-05
IGNORANT,1,21420,anon,0.0024651444736310366,8.082440897150943e-05,4.668534080298786e-05
IGNORANT,1,21520,anon,0.0024247322691452818,0.0,4.646840148698885e-05
IGNORANT,1,21620,anon,0.0024247322691452818,0.0,4.625346901017576e-05
IGNORANT,1,21720,anon,0.0024247322691452818,0.0,4.604051565377532e-05
IGNORANT,1,21820,anon,0.0024247322691452818,0.0,4.5829514207149406e-05
IGNORANT,1,21920,anon,0.0024247322691452818,0.0,4.562043795620438e-05
SEMI-INFORMED,1,20,anon,0.23584562537886442,0.0027391009420619167,0.05
SEMI-INFORMED,1,120,anon,0.1007072135785007,0.00252244680288175,0.008333333333333333
SEMI-INFORMED,1,220,anon,0.07322691452818751,0.0018545635733414887,0.004545454545454545
SEMI-INFORMED,1,320,anon,0.05803192564154375,0.0008982061333963588,0.003125
SEMI-INFORMED,1,420,anon,0.05152556071933724,0.0012324066018975072,0.002380952380952381
SEMI-INFORMED,1,520,anon,0.04554455445544554,0.0024064780652187376,0.0019230769230769232
SEMI-INFORMED,1,620,anon,0.04162457062032734,0.0010615417689685768,0.0016129032258064516
SEMI-INFORMED,1,720,anon,0.03891695291978177,0.001175432578076299,0.001388888888888889
SEMI-INFORMED,1,820,anon,0.03580521317437866,0.0012994896092797367,0.0012195121951219512
SEMI-INFORMED,1,920,anon,0.03338048090523338,0.0010175533087099765,0.0010869565217391304
SEMI-INFORMED,1,1020,anon,0.03148110729440291,0.0008222667185037706,0.000980392156862745
SEMI-INFORMED,1,1120,anon,0.030511214386744794,0.0007667676686607502,0.0008928571428571428
SEMI-INFORMED,1,1220,anon,0.0288139017983431,0.0017316051958479327,0.000819672131147541
SEMI-INFORMED,1,1320,anon,0.027561123459284704,0.000926841377343278,0.0007575757575757576
SEMI-INFORMED,1,1420,anon,0.02772277227722772,0.0013608776108694882,0.0007042253521126761
SEMI-INFORMED,1,1520,anon,0.026631642756112343,0.0006689410126185836,0.0006578947368421052
SEMI-INFORMED,1,1620,anon,0.025661749848454235,0.0012779461144345843,0.0006172839506172839
SEMI-INFORMED,1,1720,anon,0.024489795918367346,0.0010948649977081477,0.0005813953488372093
SEMI-INFORMED,1,1820,anon,0.02347949080622348,0.0008798359691686099,0.0005494505494505495
SEMI-INFORMED,1,1920,anon,0.022550010103051122,0.0008534537111312527,0.0005208333333333333
SEMI-INFORMED,1,2020,anon,0.022671246716508383,0.0010948649977081473,0.0004950495049504951
SEMI-INFORMED,1,2120,anon,0.021297231763992727,0.0009090500609579305,0.0004716981132075472
SEMI-INFORMED,1,2220,anon,0.020569812083249144,0.0005628768752145531,0.00045045045045045046
SEMI-INFORMED,1,2320,anon,0.02101434633259244,0.0012969736541427537,0.0004310344827586207
SEMI-INFORMED,1,2420,anon,0.019842392402505557,0.0008610739847509606,0.00041322314049586776
SEMI-INFORMED,1,2520,anon,0.01911497272176197,0.000978275889020829,0.0003968253968253968
SEMI-INFORMED,1,2620,anon,0.018427965245504142,0.0014080623471557365,0.0003816793893129771
SEMI-INFORMED,1,2720,anon,0.018508789654475652,0.0007183830606034017,0.0003676470588235294
SEMI-INFORMED,1,2820,anon,0.01907456051727622,0.000961436835996792,0.0003546099290780142
SEMI-INFORMED,1,2920,anon,0.018468377449989897,0.001019157018623439,0.00034246575342465754
SEMI-INFORMED,1,3020,anon,0.01798343099616084,0.0011140875936221635,0.00033112582781456954
SEMI-INFORMED,1,3120,anon,0.018104667609618104,0.00055114898755247,0.0003205128205128205
SEMI-INFORMED,1,3220,anon,0.01761972115578905,0.0009766050493913577,0.00031055900621118014
SEMI-INFORMED,1,3320,anon,0.01640735502121641,0.0005015022689832634,0.00030120481927710846
SEMI-INFORMED,1,3420,anon,0.0167710648615882,0.0008476935527744209,0.00029239766081871346
SEMI-INFORMED,1,3520,anon,0.016043645180844616,0.0011823591706064088,0.0002840909090909091
SEMI-INFORMED,1,3620,anon,0.01608405738533037,0.0003959571214844497,0.00027624309392265195
SEMI-INFORMED,1,3720,anon,0.01608405738533037,0.0012297534091495602,0.00026881720430107527
SEMI-INFORMED,1,3820,anon,0.015356637704586784,0.0002857574383457456,0.0002617801047120419
SEMI-INFORMED,1,3920,anon,0.015437462113558292,0.0007731309949367139,0.00025510204081632655
SEMI-INFORMED,1,4020,anon,0.015114164477672257,0.0003918108593587657,0.0002487562189054726
SEMI-INFORMED,1,4120,anon,0.01503334006870075,0.0006952778554894026,0.00024271844660194174
SEMI-INFORMED,1,4220,anon,0.015073752273186502,0.0009614368359967934,0.00023696682464454977
SEMI-INFORMED,1,4320,anon,0.01426550818347141,0.0006952778554894021,0.0002314814814814815
SEMI-INFORMED,1,4420,anon,0.013699737320670844,0.00029696784111333727,0.00022624434389140272
SEMI-INFORMED,1,4520,anon,0.014386744796928672,0.0009597366811103597,0.00022123893805309734
SEMI-INFORMED,1,4620,anon,0.014346332592442917,0.0009303588145662834,0.00021645021645021645
SEMI-INFORMED,1,4720,anon,0.014305920387957163,0.000467805088009304,0.000211864406779661
SEMI-INFORMED,1,4820,anon,0.014467569205900182,0.00037476736696284956,0.0002074688796680498
SEMI-INFORMED,1,4920,anon,0.013133966457870277,0.0011430297533829826,0.0002032520325203252
SEMI-INFORMED,1,5020,anon,0.013538088502727825,0.0006260631798274264,0.00019920318725099602
SEMI-INFORMED,1,5120,anon,0.013699737320670844,0.0006440645564966349,0.0001953125
SEMI-INFORMED,1,5220,anon,0.012810668821984242,0.0008534537111312537,0.00019157088122605365
SEMI-INFORMED,1,5320,anon,0.013295615275813296,0.000681038575322397,0.00018796992481203009
SEMI-INFORMED,1,5420,anon,0.013538088502727821,0.00022134675995359306,0.00018450184501845018
SEMI-INFORMED,1,5520,anon,0.012568195595069711,0.000942566481284348,0.00018115942028985507
SEMI-INFORMED,1,5620,anon,0.01272984441301273,0.0005421866181046164,0.00017793594306049823
SEMI-INFORMED,1,5720,anon,0.01228531016366943,0.0010175533087099752,0.00017482517482517483
SEMI-INFORMED,1,5820,anon,0.012446958981612449,0.000783621718717532,0.0001718213058419244
SEMI-INFORMED,1,5920,anon,0.012164073550212165,0.000450011263918369,0.00016891891891891893
SEMI-INFORMED,1,6020,anon,0.01220448575469792,0.001042916783234103,0.00016611295681063124
SEMI-INFORMED,1,6120,anon,0.012770256617498485,0.0004314842696314935,0.0001633986928104575
SEMI-INFORMED,1,6220,anon,0.011436653869468582,0.0008242504770406605,0.0001607717041800643
SEMI-INFORMED,1,6320,anon,0.011800363709840372,0.000890903523340012,0.00015822784810126583
SEMI-INFORMED,1,6420,anon,0.011759951505354619,0.0007815348395964324,0.00015576323987538941
SEMI-INFORMED,1,6520,anon,0.01196201252778339,0.000618187857780495,0.00015337423312883436
SEMI-INFORMED,1,6620,anon,0.011679127096383107,0.0010175533087099756,0.00015105740181268882
SEMI-INFORMED,1,6720,anon,0.010870883006668013,0.0005481778123358468,0.00014880952380952382
SEMI-INFORMED,1,6820,anon,0.011477066073954335,0.0008610739847509606,0.0001466275659824047
SEMI-INFORMED,1,6920,anon,0.011881188118811881,0.0008890684986866032,0.00014450867052023122
SEMI-INFORMED,1,7020,anon,0.011234592847039806,0.0006591031089230183,0.00014245014245014244
SEMI-INFORMED,1,7120,anon,0.01151747827844009,0.0008761157158488098,0.0001404494382022472
SEMI-INFORMED,1,7220,anon,0.010547585370781976,0.0007046108617564232,0.00013850415512465375
SEMI-INFORMED,1,7320,anon,0.01083047080218226,0.0006952778554894018,0.0001366120218579235
SEMI-INFORMED,1,7420,anon,0.01050717316629622,0.0006881950440867408,0.00013477088948787063
SEMI-INFORMED,1,7520,anon,0.010547585370781976,8.082440897150961e-05,0.00013297872340425532
SEMI-INFORMED,1,7620,anon,0.010183875530410183,0.00032831030125827284,0.00013123359580052493
SEMI-INFORMED,1,7720,anon,0.010628409779753486,0.0009268413773432782,0.00012953367875647668
SEMI-INFORMED,1,7820,anon,0.010709234188724995,0.0003833838343303756,0.0001278772378516624
SEMI-INFORMED,1,7920,anon,0.01030511214386745,0.000255589222886917,0.00012626262626262626
SEMI-INFORMED,1,8020,anon,0.01006263891695292,0.0004678050880093039,0.00012468827930174563
SEMI-INFORMED,1,8120,anon,0.010345524348353202,0.0006810385753223973,0.0001231527093596059
SEMI-INFORMED,1,8220,anon,0.010587997575267731,0.0007069248609632612,0.00012165450121654502
SEMI-INFORMED,1,8320,anon,0.010062638916952919,0.000450011263918369,0.0001201923076923077
SEMI-INFORMED,1,8420,anon,0.010709234188724995,0.0006128814260700383,0.00011876484560570071
SEMI-INFORMED,1,8520,anon,0.009698929076581127,0.0004607700242873867,0.00011737089201877934
SEMI-INFORMED,1,8620,anon,0.010385936552838957,0.0010888820840822368,0.0001160092807424594
SEMI-INFORMED,1,8720,anon,0.009416043645180845,0.0007183830606034019,0.00011467889908256881
SEMI-INFORMED,1,8820,anon,0.009496868054152355,0.0005421866181046167,0.00011337868480725624
SEMI-INFORMED,1,8920,anon,0.009658516872095374,0.0003476389277447006,0.00011210762331838565
SEMI-INFORMED,1,9020,anon,0.009698929076581129,0.0004041220448575468,0.00011086474501108647
SEMI-INFORMED,1,9120,anon,0.009779753485552637,0.0003959571214844499,0.00010964912280701755
SEMI-INFORMED,1,9220,anon,0.009052333804809052,0.0002356416203210872,0.00010845986984815618
SEMI-INFORMED,1,9320,anon,0.00929480703172358,0.0003614577454030779,0.00010729613733905579
SEMI-INFORMED,1,9420,anon,0.00953728025863811,0.0008021593550729125,0.00010615711252653928
SEMI-INFORMED,1,9520,anon,0.00929480703172358,0.0006128814260700383,0.0001050420168067227
SEMI-INFORMED,1,9620,anon,0.009254394827237824,0.0008890684986866035,0.00010395010395010396
SEMI-INFORMED,1,9720,anon,0.009011921600323297,0.0008629685392629873,0.00010288065843621399
SEMI-INFORMED,1,9820,anon,0.008931097191351788,0.0005175287320616565,0.00010183299389002037
SEMI-INFORMED,1,9920,anon,0.00929480703172358,0.0004607700242873865,0.00010080645161290323
SEMI-INFORMED,1,10020,anon,0.009133158213780562,0.000644064556496635,9.98003992015968e-05
SEMI-INFORMED,1,10120,anon,0.008971509395837542,0.0005511489875524692,9.881422924901186e-05
SEMI-INFORMED,1,10220,anon,0.00876944837340877,0.00041606911056726653,9.784735812133073e-05
SEMI-INFORMED,1,10320,anon,0.008567387350979996,0.00045362587028982884,9.689922480620155e-05
SEMI-INFORMED,1,10420,anon,0.009173570418266316,0.00032831030125827257,9.596928982725528e-05
SEMI-INFORMED,1,10520,anon,0.008809860577894523,0.00037476736696284946,9.505703422053231e-05
SEMI-INFORMED,1,10620,anon,0.008365326328551224,0.00024247322691452801,9.416195856873823e-05
SEMI-INFORMED,1,10720,anon,0.00893109719135179,0.0008418939848858219,9.328358208955224e-05
SEMI-INFORMED,1,10820,anon,0.008688623964437259,0.0004426935199071861,9.242144177449168e-05
SEMI-INFORMED,1,10920,anon,0.008446150737522732,0.0005015022689832635,9.157509157509158e-05
SEMI-INFORMED,1,11020,anon,0.008122853101636695,0.0004849464538290564,9.074410163339382e-05
SEMI-INFORMED,1,11120,anon,0.008405738533036977,0.000536128476921463,8.992805755395684e-05
SEMI-INFORMED,1,11220,anon,0.008729036168923014,0.0004678050880093039,8.9126559714795e-05
SEMI-INFORMED,1,11320,anon,0.00816326530612245,0.00037476736696284886,8.833922261484099e-05
SEMI-INFORMED,1,11420,anon,0.008365326328551224,0.00037476736696284897,8.756567425569177e-05
SEMI-INFORMED,1,11520,anon,0.008203677510608205,0.00024247322691452801,8.680555555555556e-05
SEMI-INFORMED,1,11620,anon,0.008284501919579714,0.00018072887270153857,8.605851979345956e-05
SEMI-INFORMED,1,11720,anon,0.008446150737522732,0.0004678050880093038,8.532423208191126e-05
SEMI-INFORMED,1,11820,anon,0.007961204283693676,0.000536128476921463,8.460236886632826e-05
SEMI-INFORMED,1,11920,anon,0.008163265306122448,0.0007517104561623872,8.389261744966443e-05
SEMI-INFORMED,1,12020,anon,0.008163265306122448,0.0005361284769214629,8.319467554076539e-05
SEMI-INFORMED,1,12120,anon,0.008122853101636695,0.0007161060879640068,8.250825082508251e-05
SEMI-INFORMED,1,12220,anon,0.007637906647807638,0.00023564162032108741,8.183306055646482e-05
SEMI-INFORMED,1,12320,anon,0.007920792079207921,0.000467805088009304,8.116883116883117e-05
SEMI-INFORMED,1,12420,anon,0.007880379874722166,0.0005994098595349093,8.051529790660226e-05
SEMI-INFORMED,1,12520,anon,0.008042028692665185,0.0004849464538290561,7.987220447284345e-05
SEMI-INFORMED,1,12620,anon,0.008001616488179429,0.00037476736696284897,7.92393026941363e-05
SEMI-INFORMED,1,12720,anon,0.008042028692665185,0.00039181085935876555,7.861635220125786e-05
SEMI-INFORMED,1,12820,anon,0.007961204283693676,0.0004883025246956788,7.800312012480499e-05
SEMI-INFORMED,1,12920,anon,0.007799555465750656,0.000488302524695679,7.739938080495357e-05
SEMI-INFORMED,1,13020,anon,0.007637906647807638,0.0003476389277447013,7.680491551459293e-05
SEMI-INFORMED,1,13120,anon,0.007637906647807638,0.0004500112639183691,7.621951219512195e-05
SEMI-INFORMED,1,13220,anon,0.007355021216407355,0.0007517104561623873,7.5642965204236e-05
SEMI-INFORMED,1,13320,anon,0.007880379874722166,0.0002213467599535927,7.507507507507507e-05
SEMI-INFORMED,1,13420,anon,0.0075974944433218825,0.0006075286473377616,7.451564828614009e-05
SEMI-INFORMED,1,13520,anon,0.0075974944433218825,0.0004883025246956789,7.396449704142012e-05
SEMI-INFORMED,1,13620,anon,0.0071529601939785805,0.00024247322691452818,7.342143906020558e-05
SEMI-INFORMED,1,13720,anon,0.007355021216407355,0.00016164881794301884,7.28862973760933e-05
SEMI-INFORMED,1,13820,anon,0.007435845625378865,0.0005911795853032045,7.23589001447178e-05
SEMI-INFORMED,1,13920,anon,0.007718731056779148,0.0004849464538290567,7.183908045977011e-05
SEMI-INFORMED,1,14020,anon,0.007355021216407355,0.0003024172468598863,7.132667617689016e-05
SEMI-INFORMED,1,14120,anon,0.0069104869670640525,0.00015120862342994282,7.082152974504249e-05
SEMI-INFORMED,1,14220,anon,0.0071125479894928265,0.00023564162032108712,7.032348804500703e-05
SEMI-INFORMED,1,14320,anon,0.0073146090119216,0.00023564162032108733,6.983240223463687e-05
SEMI-INFORMED,1,14420,anon,0.007476257829864619,0.00018072887270153895,6.934812760055478e-05
SEMI-INFORMED,1,14520,anon,0.0069104869670640525,0.0002969678411133374,6.887052341597796e-05
SEMI-INFORMED,1,14620,anon,0.007072135785007072,0.00018072887270153895,6.839945280437756e-05
SEMI-INFORMED,1,14720,anon,0.0069104869670640525,0.00046780508800930396,6.793478260869565e-05
SEMI-INFORMED,1,14820,anon,0.007355021216407355,0.00027408890616792387,6.747638326585695e-05
SEMI-INFORMED,1,14920,anon,0.007395433420893109,0.00027408890616792387,6.702412868632708e-05
SEMI-INFORMED,1,15020,anon,0.007274196807435846,0.0007229154908061552,6.657789613848202e-05
SEMI-INFORMED,1,15120,anon,0.006789250353606789,0.00016164881794301887,6.613756613756614e-05
SEMI-INFORMED,1,15220,anon,0.007193372398464336,0.00037476736696284924,6.570302233902759e-05
SEMI-INFORMED,1,15320,anon,0.007152960193978581,0.00032831030125827284,6.527415143603133e-05
SEMI-INFORMED,1,15420,anon,0.006870074762578299,0.00022134675995359306,6.485084306095979e-05
SEMI-INFORMED,1,15520,anon,0.006991311376035562,0.0003523054308782117,6.443298969072165e-05
SEMI-INFORMED,1,15620,anon,0.007072135785007072,0.0003381127607735202,6.402048655569782e-05
SEMI-INFORMED,1,15720,anon,0.007031723580521318,0.00039181085935876577,6.361323155216285e-05
SEMI-INFORMED,1,15820,anon,0.006991311376035564,0.0003283103012582727,6.321112515802781e-05
SEMI-INFORMED,1,15920,anon,0.006668013740149525,0.0002857574383457455,6.28140703517588e-05
SEMI-INFORMED,1,16020,anon,0.007031723580521318,0.00039181085935876577,6.242197253433208e-05
SEMI-INFORMED,1,16120,anon,0.006870074762578299,0.0003614577454030776,6.203473945409429e-05
SEMI-INFORMED,1,16220,anon,0.006708425944635279,0.0003918108593587655,6.165228113440197e-05
SEMI-INFORMED,1,16320,anon,0.006789250353606791,0.00020606261926016503,6.127450980392157e-05
SEMI-INFORMED,1,16420,anon,0.006708425944635279,0.00023564162032108706,6.090133982947625e-05
SEMI-INFORMED,1,16520,anon,0.00662760153566377,0.00023564162032108712,6.053268765133172e-05
SEMI-INFORMED,1,16620,anon,0.0069104869670640525,0.0002680642384607315,6.016847172081829e-05
SEMI-INFORMED,1,16720,anon,0.006708425944635279,0.0003232976358860374,5.980861244019139e-05
SEMI-INFORMED,1,16820,anon,0.006748838149121033,0.00045362587028982917,5.945303210463734e-05
SEMI-INFORMED,1,16920,anon,0.006829662558092545,0.0003703839721120097,5.9101654846335695e-05
SEMI-INFORMED,1,17020,anon,0.006708425944635279,0.000450011263918369,5.8754406580493536e-05
SEMI-INFORMED,1,17120,anon,0.006991311376035562,0.0004160691105672661,5.841121495327103e-05
SEMI-INFORMED,1,17220,anon,0.006506364922206506,0.00023564162032108712,5.8072009291521487e-05
SEMI-INFORMED,1,17320,anon,0.006546777126692262,0.0004160691105672661,5.7736720554272516e-05
SEMI-INFORMED,1,17420,anon,0.006506364922206506,0.0002969678411133373,5.74052812858783e-05
SEMI-INFORMED,1,17520,anon,0.006829662558092543,0.00041212523852032995,5.7077625570776254e-05
SEMI-INFORMED,1,17620,anon,0.006587189331178016,0.0002740889061679235,5.675368898978434e-05
SEMI-INFORMED,1,17720,anon,0.00654677712669226,0.00016164881794301887,5.64334085778781e-05
SEMI-INFORMED,1,17820,anon,0.0066276015356637715,0.00019797856074222505,5.611672278338945e-05
SEMI-INFORMED,1,17920,anon,0.006263891695291979,0.00018072887270153857,5.580357142857143e-05
SEMI-INFORMED,1,18020,anon,0.006385128308749241,0.0003747673669628492,5.549389567147614e-05
SEMI-INFORMED,1,18120,anon,0.006304303899777733,0.00015120862342994282,5.518763796909492e-05
SEMI-INFORMED,1,18220,anon,0.006304303899777733,0.000235641620321087,5.48847420417124e-05
SEMI-INFORMED,1,18320,anon,0.006385128308749241,0.00020606261926016495,5.458515283842795e-05
SEMI-INFORMED,1,18420,anon,0.006668013740149525,0.0002857574383457455,5.428881650380022e-05
SEMI-INFORMED,1,18520,anon,0.006223479490806223,0.00015120862342994282,5.3995680345572353e-05
SEMI-INFORMED,1,18620,anon,0.006263891695291979,0.00018072887270153857,5.3705692803437166e-05
SEMI-INFORMED,1,18720,anon,0.006344716104263489,0.000206062619260165,5.341880341880342e-05
SEMI-INFORMED,1,18820,anon,0.0061830672863204695,0.000242473226914528,5.313496280552604e-05
SEMI-INFORMED,1,18920,anon,0.006263891695291979,0.00028575743834574564,5.285412262156448e-05
SEMI-INFORMED,1,19020,anon,0.006263891695291979,0.00018072887270153857,5.257623554153522e-05
SEMI-INFORMED,1,19120,anon,0.006506364922206506,0.00026806423846073135,5.230125523012552e-05
SEMI-INFORMED,1,19220,anon,0.0061830672863204695,0.0002740889061679236,5.202913631633715e-05
SEMI-INFORMED,1,19320,anon,0.006183067286320469,0.00020606261926016503,5.175983436853002e-05
SEMI-INFORMED,1,19420,anon,0.006183067286320468,0.00020606261926016503,5.149330587023687e-05
SEMI-INFORMED,1,19520,anon,0.0061830672863204695,0.00016164881794301851,5.122950819672131e-05
SEMI-INFORMED,1,19620,anon,0.006183067286320469,0.00016164881794301887,5.0968399592252805e-05
SEMI-INFORMED,1,19720,anon,0.006263891695291979,0.00022134675995359306,5.070993914807302e-05
SEMI-INFORMED,1,19820,anon,0.0061830672863204695,0.00016164881794301887,5.0454086781029264e-05
SEMI-INFORMED,1,19920,anon,0.006142655081834714,0.0001616488179430188,5.020080321285141e-05
SEMI-INFORMED,1,20020,anon,0.006142655081834714,0.00024247322691452818,4.995004995004995e-05
SEMI-INFORMED,1,20120,anon,0.005940594059405941,9.898928037111273e-05,4.970178926441352e-05
SEMI-INFORMED,1,20220,anon,0.006142655081834715,0.00016164881794301851,4.945598417408506e-05
SEMI-INFORMED,1,20320,anon,0.00610224287734896,0.0001512086234299431,4.921259842519685e-05
SEMI-INFORMED,1,20420,anon,0.006061830672863204,0.00018072887270153895,4.897159647404505e-05
SEMI-INFORMED,1,20520,anon,0.005981006263891695,0.00016164881794301892,4.8732943469785574e-05
SEMI-INFORMED,1,20620,anon,0.0059810062638916955,9.898928037111273e-05,4.8496605237633365e-05
SEMI-INFORMED,1,20720,anon,0.00610224287734896,0.00019797856074222505,4.826254826254826e-05
SEMI-INFORMED,1,20820,anon,0.00610224287734896,0.00032329763588603773,4.803073967339097e-05
SEMI-INFORMED,1,20920,anon,0.006061830672863204,0.00022134675995359306,4.780114722753346e-05
SEMI-INFORMED,1,21020,anon,0.005900181854920186,8.082440897150961e-05,4.757373929590866e-05
SEMI-INFORMED,1,21120,anon,0.006061830672863204,0.00018072887270153895,4.734848484848485e-05
SEMI-INFORMED,1,21220,anon,0.005900181854920185,8.082440897150961e-05,4.7125353440150804e-05
SEMI-INFORMED,1,21320,anon,0.005940594059405941,0.00016164881794301887,4.6904315196998124e-05
SEMI-INFORMED,1,21420,anon,0.00602141846837745,0.00032329763588603773,4.668534080298786e-05
SEMI-INFORMED,1,21520,anon,0.005940594059405941,9.898928037111273e-05,4.646840148698885e-05
SEMI-INFORMED,1,21620,anon,0.005859769650434431,0.0,4.625346901017576e-05
SEMI-INFORMED,1,21720,anon,0.005981006263891695,0.00016164881794301892,4.604051565377532e-05
SEMI-INFORMED,1,21820,anon,0.005940594059405941,0.00016164881794301887,4.5829514207149406e-05
SEMI-INFORMED,1,21920,anon,0.005859769650434431,0.0,4.562043795620438e-05
INFORMED,1,20,anon,0.771145685997171,0.0033068939253148213,0.05
INFORMED,1,120,anon,0.6050919377652051,0.002630210562986143,0.008333333333333333
INFORMED,1,220,anon,0.5424934330167711,0.001673084788400453,0.004545454545454545
INFORMED,1,320,anon,0.5067690442513639,0.003961632954747231,0.003125
INFORMED,1,420,anon,0.4805819357445948,0.005353053752574989,0.002380952380952381
INFORMED,1,520,anon,0.45831481107294403,0.0025603611333937675,0.0019230769230769232
INFORMED,1,620,anon,0.44227116589209936,0.0037245059308931862,0.0016129032258064516
INFORMED,1,720,anon,0.4256213376439685,0.002938164595561702,0.001388888888888889
INFORMED,1,820,anon,0.4170943624974742,0.0017680050801557761,0.0012195121951219512
INFORMED,1,920,anon,0.4054556476055769,0.003134486874870125,0.0010869565217391304
INFORMED,1,1020,anon,0.3978985653667408,0.006110667422569667,0.000980392156862745
INFORMED,1,1120,anon,0.38860375833501715,0.002399001346479025,0.0008928571428571428
INFORMED,1,1220,anon,0.38120832491412404,0.0027456516874460315,0.000819672131147541
INFORMED,1,1320,anon,0.3753081430592039,0.0033363940093837563,0.0007575757575757576
INFORMED,1,1420,anon,0.3714689836330572,0.0018894596447865731,0.0007042253521126761
INFORMED,1,1520,anon,0.36164881794301873,0.0022695689766981495,0.0006578947368421052
INFORMED,1,1620,anon,0.3565972923822994,0.0019271156221566212,0.0006172839506172839
INFORMED,1,1720,anon,0.35021216407355016,0.0032716418909693418,0.0005813953488372093
INFORMED,1,1820,anon,0.3470600121236613,0.002664142206320386,0.0005494505494505495
INFORMED,1,1920,anon,0.3404728227924833,0.0038930190596216776,0.0005208333333333333
INFORMED,1,2020,anon,0.335097999595878,0.0030311847391552467,0.0004950495049504951
INFORMED,1,2120,anon,0.3345726409375631,0.004587096746385184,0.0004716981132075472
INFORMED,1,2220,anon,0.3274600929480703,0.0020510935607920004,0.00045045045045045046
INFORMED,1,2320,anon,0.32556071933723985,0.0026604616028503224,0.0004310344827586207
INFORMED,1,2420,anon,0.3214386744796929,0.0014925185138508327,0.00041322314049586776
INFORMED,1,2520,anon,0.3178824004849464,0.0036469635636058925,0.0003968253968253968
INFORMED,1,2620,anon,0.317963224893918,0.0011614554748999712,0.0003816793893129771
INFORMED,1,2720,anon,0.3117397454031118,0.002058247173691153,0.0003676470588235294
INFORMED,1,2820,anon,0.31101232572236814,0.0006689410126185822,0.0003546099290780142
INFORMED,1,2920,anon,0.307738937159022,0.0035415481592574894,0.00034246575342465754
INFORMED,1,3020,anon,0.30301070923418877,0.001910946117201343,0.00033112582781456954
INFORMED,1,3120,anon,0.3011921600323298,0.002990503131945848,0.0003205128205128205
INFORMED,1,3220,anon,0.29682764194786826,0.004759384286259784,0.00031055900621118014
INFORMED,1,3320,anon,0.2951303293594666,0.004331087400790091,0.00030120481927710846
INFORMED,1,3420,anon,0.29371590220246513,0.0019490249427015626,0.00029239766081871346
INFORMED,1,3520,anon,0.29185694079612046,0.0023059757717012884,0.0002840909090909091
INFORMED,1,3620,anon,0.28862396443726,0.003898468827839212,0.00027624309392265195
INFORMED,1,3720,anon,0.28854314002828857,0.0014287871917287283,0.00026881720430107527
INFORMED,1,3820,anon,0.2838957365124267,0.0023667893254146373,0.0002617801047120419
INFORMED,1,3920,anon,0.2816326530612245,0.002038314037246869,0.00025510204081632655
INFORMED,1,4020,anon,0.2811072944029097,0.005049747110659636,0.0002487562189054726
INFORMED,1,4120,anon,0.27581329561527584,0.002328528638656364,0.00024271844660194174
INFORMED,1,4220,anon,0.27710648615882,0.0017363144925391688,0.00023696682464454977
INFORMED,1,4320,anon,0.272984441301273,0.0027049020861881663,0.0002314814814814815
INFORMED,1,4420,anon,0.2729440290967872,0.0030440880315645894,0.00022624434389140272
INFORMED,1,4520,anon,0.26958981612446953,0.0016632948577293663,0.00022123893805309734
INFORMED,1,4620,anon,0.26801374014952517,0.0027426760155113607,0.00021645021645021645
INFORMED,1,4720,anon,0.266882198423924,0.0018492723683406907,0.000211864406779661
INFORMED,1,4820,anon,0.26465952717720753,0.0010013749600617343,0.0002074688796680498
INFORMED,1,4920,anon,0.26542735906243686,0.004066600440685162,0.0002032520325203252
INFORMED,1,5020,anon,0.2596888260254596,0.004239238324330038,0.00019920318725099602
INFORMED,1,5120,anon,0.25960800161648817,0.004542374928696224,0.0001953125
INFORMED,1,5220,anon,0.2597292382299455,0.0014435701030100455,0.00019157088122605365
INFORMED,1,5320,anon,0.2572236815518286,0.00174756502812201,0.00018796992481203009
INFORMED,1,5420,anon,0.2547585370781976,0.004606636804714644,0.00018450184501845018
INFORMED,1,5520,anon,0.2528187512628814,0.0024091911191414617,0.00018115942028985507
INFORMED,1,5620,anon,0.2530612244897959,0.0028535709749702444,0.00017793594306049823
INFORMED,1,5720,anon,0.25285916346736714,0.0025127163559037886,0.00017482517482517483
INFORMED,1,5820,anon,0.25164679733279444,0.0012297534091495598,0.0001718213058419244
INFORMED,1,5920,anon,0.25055566781167915,0.004352527627508184,0.00016891891891891893
INFORMED,1,6020,anon,0.2475651646797333,0.0014593226983445394,0.00016611295681063124
INFORMED,1,6120,anon,0.24687815720347545,0.0028927912981488355,0.0001633986928104575
INFORMED,1,6220,anon,0.2454233178419883,0.0033363940093837606,0.0001607717041800643
INFORMED,1,6320,anon,0.24376641745807234,0.0029932324408391492,0.00015822784810126583
INFORMED,1,6420,anon,0.2446150737522732,0.002598979218559468,0.00015576323987538941
INFORMED,1,6520,anon,0.24190745605172764,0.0024091911191414686,0.00015337423312883436
INFORMED,1,6620,anon,0.24311982218630024,0.0013488235415864737,0.00015105740181268882
INFORMED,1,6720,anon,0.24049302889472618,0.0023334330221462278,0.00014880952380952382
INFORMED,1,6820,anon,0.23944231157809653,0.0024878955702762368,0.0001466275659824047
INFORMED,1,6920,anon,0.23818953323903816,0.0029292576721632914,0.00014450867052023122
INFORMED,1,7020,anon,0.23806829662558093,0.0031650780762499577,0.00014245014245014244
INFORMED,1,7120,anon,0.2370175793089513,0.002533429463513031,0.0001404494382022472
INFORMED,1,7220,anon,0.2345120226308345,0.0026146415226707353,0.00013850415512465375
INFORMED,1,7320,anon,0.23532026672054962,0.0015578367563060345,0.0001366120218579235
INFORMED,1,7420,anon,0.23374419074560518,0.0025539745903131873,0.00013477088948787063
INFORMED,1,7520,anon,0.23152151949888866,0.0007274196807435871,0.00013297872340425532
INFORMED,1,7620,anon,0.22869266518488582,0.0035539771050184924,0.00013123359580052493
INFORMED,1,7720,anon,0.22942008486562943,0.0008909035233400192,0.00012953367875647668
INFORMED,1,7820,anon,0.23043038997777332,0.0028706891307622617,0.0001278772378516624
INFORMED,1,7920,anon,0.22800565770862802,0.003020389887420461,0.00012626262626262626
INFORMED,1,8020,anon,0.22942008486562943,0.002074843023316783,0.00012468827930174563
INFORMED,1,8120,anon,0.2270357648009699,0.0014826378119090044,0.0001231527093596059
INFORMED,1,8220,anon,0.22602545968882604,0.0011754325780762931,0.00012165450121654502
INFORMED,1,8320,anon,0.22638916952919783,0.001319444551813663,0.0001201923076923077
INFORMED,1,8420,anon,0.2242877348959386,0.002671488200612395,0.00011876484560570071
INFORMED,1,8520,anon,0.22550010103051124,0.0028746686997419687,0.00011737089201877934
INFORMED,1,8620,anon,0.22250959789856534,0.001697312588401691,0.0001160092807424594
INFORMED,1,8720,anon,0.22061022428773489,0.001535663770458686,0.00011467889908256881
INFORMED,1,8820,anon,0.22210547585370782,0.0009425664812843521,0.00011337868480725624
INFORMED,1,8920,anon,0.2202465144473631,0.001793682846730424,0.00011210762331838565
INFORMED,1,9020,anon,0.21770054556476057,0.0027426760155113542,0.00011086474501108647
INFORMED,1,9120,anon,0.21964033138007677,0.0021192338819360536,0.00010964912280701755
INFORMED,1,9220,anon,0.21806425540513233,0.0005481778123358494,0.00010845986984815618
INFORMED,1,9320,anon,0.21604364518084465,0.0019690325665920098,0.00010729613733905579
INFORMED,1,9420,anon,0.21628611840775913,0.0013975846810095475,0.00010615711252653928
INFORMED,1,9520,anon,0.21563952313598705,0.0012350540949635136,0.0001050420168067227
INFORMED,1,9620,anon,0.21616488179430188,0.002678814050382147,0.00010395010395010396
INFORMED,1,9720,anon,0.21604364518084465,0.0013182062178460372,0.00010288065843621399
INFORMED,1,9820,anon,0.2135785007072136,0.0022391424816641872,0.00010183299389002037
INFORMED,1,9920,anon,0.21406344716104267,0.0019657121045892545,0.00010080645161290323
INFORMED,1,10020,anon,0.21180036370984037,0.0025088136100495134,9.98003992015968e-05
INFORMED,1,10120,anon,0.21503334006870073,0.0016285667148603663,9.881422924901186e-05
INFORMED,1,10220,anon,0.21119418064255405,0.0010413496647181419,9.784735812133073e-05
INFORMED,1,10320,anon,0.21087088300666804,0.00278990593559801,9.689922480620155e-05
INFORMED,1,10420,anon,0.20682966255809254,0.0020826993294362738,9.596928982725528e-05
INFORMED,1,10520,anon,0.2071933723984643,0.002313047164478352,9.505703422053231e-05
INFORMED,1,10620,anon,0.20828450191957967,0.0013305376951427996,9.416195856873823e-05
INFORMED,1,10720,anon,0.20848656294200846,0.0016033004182564076,9.328358208955224e-05
INFORMED,1,10820,anon,0.2096181046676096,0.001755025318295286,9.242144177449168e-05
INFORMED,1,10920,anon,0.20885027278238028,0.0020149445726115045,9.157509157509158e-05
INFORMED,1,11020,anon,0.2067892503536068,0.0015889758134037227,9.074410163339382e-05
INFORMED,1,11120,anon,0.20569812083249142,0.0019921208395823385,8.992805755395684e-05
INFORMED,1,11220,anon,0.2040008082440897,0.002043115725967191,8.9126559714795e-05
INFORMED,1,11320,anon,0.20468781572034755,0.001606353357393558,8.833922261484099e-05
INFORMED,1,11420,anon,0.20290967872297436,0.0016235449122328275,8.756567425569177e-05
INFORMED,1,11520,anon,0.20424328147100423,0.0025539745903131843,8.680555555555556e-05
INFORMED,1,11620,anon,0.20387957163063247,0.002008449972081504,8.605851979345956e-05
INFORMED,1,11720,anon,0.20303091533643158,0.0029236770656998865,8.532423208191126e-05
INFORMED,1,11820,anon,0.20226308345120225,0.0017753794816317502,8.460236886632826e-05
INFORMED,1,11920,anon,0.2016973125884017,0.0020302859870002777,8.389261744966443e-05
INFORMED,1,12020,anon,0.20193978581531624,0.002525681954657458,8.319467554076539e-05
INFORMED,1,12120,anon,0.19915134370579915,0.001256033159662162,8.250825082508251e-05
INFORMED,1,12220,anon,0.19898969488785614,0.001402251086918368,8.183306055646482e-05
INFORMED,1,12320,anon,0.1996362901596282,0.001891187546057401,8.116883116883117e-05
INFORMED,1,12420,anon,0.19862598504748435,0.001334214913656833,8.051529790660226e-05
INFORMED,1,12520,anon,0.19648413820973937,0.00211769206006448,7.987220447284345e-05
INFORMED,1,12620,anon,0.19745403111739743,0.0018580826724708256,7.92393026941363e-05
INFORMED,1,12720,anon,0.19838351182056982,0.003321185016981914,7.861635220125786e-05
INFORMED,1,12820,anon,0.19688826025459688,0.0018764496692251205,7.800312012480499e-05
INFORMED,1,12920,anon,0.19426146696302285,0.0014826378119090068,7.739938080495357e-05
INFORMED,1,13020,anon,0.19692867245908266,0.0018009521079132916,7.680491551459293e-05
INFORMED,1,13120,anon,0.19628207718731056,0.0012230952475588241,7.621951219512195e-05
INFORMED,1,13220,anon,0.19527177207516672,0.0018457364714761324,7.5642965204236e-05
INFORMED,1,13320,anon,0.19381693271367953,0.0025022955070378183,7.507507507507507e-05
INFORMED,1,13420,anon,0.1934936350777935,0.0011257537504291103,7.451564828614009e-05
INFORMED,1,13520,anon,0.19183673469387755,0.0026456879859903643,7.396449704142012e-05
INFORMED,1,13620,anon,0.1927662153970499,0.0015651579495685598,7.342143906020558e-05
INFORMED,1,13720,anon,0.19248332996564962,0.0019615536228751868,7.28862973760933e-05
INFORMED,1,13820,anon,0.19155384926247726,0.0024213622435150933,7.23589001447178e-05
INFORMED,1,13920,anon,0.19175591028490604,0.00154414816524897,7.183908045977011e-05
INFORMED,1,14020,anon,0.19058395635481915,0.0013905557109788066,7.132667617689016e-05
INFORMED,1,14120,anon,0.1923216811477066,0.001425353977655965,7.082152974504249e-05
INFORMED,1,14220,anon,0.19038189533239042,0.0025667317855244203,7.032348804500703e-05
INFORMED,1,14320,anon,0.18904829258436046,0.0011184766622023077,6.983240223463687e-05
INFORMED,1,14420,anon,0.1897353000606183,0.0012651021089107768,6.934812760055478e-05
INFORMED,1,14520,anon,0.18953323903818955,0.0019254199635597626,6.887052341597796e-05
INFORMED,1,14620,anon,0.18864417053950294,0.0014936123348212838,6.839945280437756e-05
INFORMED,1,14720,anon,0.18727015558698729,0.001721199388890437,6.793478260869565e-05
INFORMED,1,14820,anon,0.18702768236007272,0.0008438316030641029,6.747638326585695e-05
INFORMED,1,14920,anon,0.18698727015558697,0.0019364152031862514,6.702412868632708e-05
INFORMED,1,15020,anon,0.18686603354212972,0.0024957603809488004,6.657789613848202e-05
INFORMED,1,15120,anon,0.1852899575671853,0.001303254434964404,6.613756613756614e-05
INFORMED,1,15220,anon,0.18452212568195597,0.0014925185138508247,6.570302233902759e-05
INFORMED,1,15320,anon,0.18520913315821377,0.0014034152640279144,6.527415143603133e-05
INFORMED,1,15420,anon,0.1852091331582138,0.0012495150401083354,6.485084306095979e-05
INFORMED,1,15520,anon,0.1841180036370984,0.0022186263457362374,6.443298969072165e-05
INFORMED,1,15620,anon,0.18448171347747017,0.001394074626038418,6.402048655569782e-05
INFORMED,1,15720,anon,0.18359264497878358,0.001827954395295796,6.361323155216285e-05
INFORMED,1,15820,anon,0.1827844008890685,0.002066956856341793,6.321112515802781e-05
INFORMED,1,15920,anon,0.18205698120832492,0.0014737993557333159,6.28140703517588e-05
INFORMED,1,16020,anon,0.1824611032531825,0.0026867278462064533,6.242197253433208e-05
INFORMED,1,16120,anon,0.18326934734289754,0.001205611953136096,6.203473945409429e-05
INFORMED,1,16220,anon,0.18229945443523943,0.001530337137099332,6.165228113440197e-05
INFORMED,1,16320,anon,0.1813295615275813,0.001889459644786573,6.127450980392157e-05
INFORMED,1,16420,anon,0.18225904223075368,0.00033811276077351857,6.090133982947625e-05
INFORMED,1,16520,anon,0.18040008082440898,0.0018712203520372193,6.053268765133172e-05
INFORMED,1,16620,anon,0.18112750050515256,0.0024800058181557896,6.016847172081829e-05
INFORMED,1,16720,anon,0.17930895130329358,0.0011823591706064042,5.980861244019139e-05
INFORMED,1,16820,anon,0.17914730248535057,0.0013439716426199943,5.945303210463734e-05
INFORMED,1,16920,anon,0.17890482925843604,0.0014771199743380146,5.9101654846335695e-05
INFORMED,1,17020,anon,0.1800363709840372,0.0011140875936221637,5.8754406580493536e-05
INFORMED,1,17120,anon,0.1781369973732067,0.0015630696791928626,5.841121495327103e-05
INFORMED,1,17220,anon,0.17728834107900587,0.0015578367563060332,5.8072009291521487e-05
INFORMED,1,17320,anon,0.1774095776924631,0.00047816365189731974,5.7736720554272516e-05
INFORMED,1,17420,anon,0.17753081430592038,0.0011329840993231886,5.74052812858783e-05
INFORMED,1,17520,anon,0.17744998989694888,0.0011529878858506464,5.7077625570776254e-05
INFORMED,1,17620,anon,0.17736916548797738,0.0007385599871690058,5.675368898978434e-05
INFORMED,1,17720,anon,0.17623762376237623,0.0006181878577804884,5.64334085778781e-05
INFORMED,1,17820,anon,0.17506566983228936,0.0006338406603903123,5.611672278338945e-05
INFORMED,1,17920,anon,0.17599515053546172,0.0017661566686936407,5.580357142857143e-05
INFORMED,1,18020,anon,0.1756718528995757,0.0009614368359967942,5.549389567147614e-05
INFORMED,1,18120,anon,0.17454031117397456,0.0007815348395964338,5.518763796909492e-05
INFORMED,1,18220,anon,0.17458072337846028,0.0012651021089107742,5.48847420417124e-05
INFORMED,1,18320,anon,0.17470195999191757,0.0016886306256436601,5.458515283842795e-05
INFORMED,1,18420,anon,0.17336835724388763,0.0011712569606942402,5.428881650380022e-05
INFORMED,1,18520,anon,0.17365124267528792,0.0004712832406421726,5.3995680345572353e-05
INFORMED,1,18620,anon,0.17429783794706002,0.0007069248609632647,5.3705692803437166e-05
INFORMED,1,18720,anon,0.1744998989694888,0.00024247322691452837,5.341880341880342e-05
INFORMED,1,18820,anon,0.17264093756314408,0.0006338406603903042,5.313496280552604e-05
INFORMED,1,18920,anon,0.17235805213174377,0.001996215645217777,5.285412262156448e-05
INFORMED,1,19020,anon,0.17239846433622957,0.0014196135033542388,5.257623554153522e-05
INFORMED,1,19120,anon,0.17179228126894322,0.0015981992267759277,5.230125523012552e-05
INFORMED,1,19220,anon,0.17191351788240045,0.0014253539776559584,5.202913631633715e-05
INFORMED,1,19320,anon,0.17142857142857143,0.0011329840993231962,5.175983436853002e-05
INFORMED,1,19420,anon,0.17146898363305715,0.0010429167832341003,5.149330587023687e-05
INFORMED,1,19520,anon,0.17078197615679933,0.0007046108617564265,5.122950819672131e-05
INFORMED,1,19620,anon,0.16944837340876945,0.0006834323914038262,5.0968399592252805e-05
INFORMED,1,19720,anon,0.169852495453627,0.0017078639409266916,5.070993914807302e-05
INFORMED,1,19820,anon,0.17033744190745603,0.0008476935527744186,5.0454086781029264e-05
INFORMED,1,19920,anon,0.169852495453627,0.0006208240652954988,5.020080321285141e-05
INFORMED,1,20020,anon,0.1695696100222267,0.001419613503354233,4.995004995004995e-05
INFORMED,1,20120,anon,0.16916548797736916,0.0009511903249900796,4.970178926441352e-05
INFORMED,1,20220,anon,0.16892301475045463,0.0007560431171497119,4.945598417408506e-05
INFORMED,1,20320,anon,0.1681551828652253,0.0006181878577804963,4.921259842519685e-05
INFORMED,1,20420,anon,0.1683168316831683,0.00028575743834574933,4.897159647404505e-05
INFORMED,1,20520,anon,0.16835724388765408,0.0005175287320616575,4.8732943469785574e-05
INFORMED,1,20620,anon,0.16758941200242475,0.00035230543087821036,4.8496605237633365e-05
INFORMED,1,20720,anon,0.16738735097999596,0.0008340985023459409,4.826254826254826e-05
INFORMED,1,20820,anon,0.16710446554859568,0.0008476935527744224,4.803073967339097e-05
INFORMED,1,20920,anon,0.1667407557082239,0.0007815348395964348,4.780114722753346e-05
INFORMED,1,21020,anon,0.16653869468579513,0.0010013749600617371,4.757373929590866e-05
INFORMED,1,21120,anon,0.1659325116185088,0.0004121252385203329,4.734848484848485e-05
INFORMED,1,21220,anon,0.1656496261871085,0.0006566206025165384,4.7125353440150804e-05
INFORMED,1,21320,anon,0.1660133360274803,0.00020606261926016752,4.6904315196998124e-05
INFORMED,1,21420,anon,0.16548797736916548,0.0004949464018555688,4.668534080298786e-05
INFORMED,1,21520,anon,0.16524550414225098,0.0003232976358860329,4.646840148698885e-05
INFORMED,1,21620,anon,0.16472014548393615,0.00043148426963149524,4.625346901017576e-05
INFORMED,1,21720,anon,0.16463932107496465,0.0003232976358860433,4.604051565377532e-05
INFORMED,1,21820,anon,0.16467973327945037,0.0002555892228869176,4.5829514207149406e-05
INFORMED,1,21920,anon,0.16399272580319255,9.898928037111784e-05,4.562043795620438e-05
original,3,20,orig,0.9501717518690646,0.0009268413773432722,0.05
original,3,120,orig,0.9265710244493836,0.0015992207668142763,0.008333333333333333
original,3,220,orig,0.917478278440089,0.0009614368359967846,0.004545454545454545
original,3,320,orig,0.908264295817337,0.0011919887818753411,0.003125
original,3,420,orig,0.9043038997777328,0.0017964122667927245,0.002380952380952381
original,3,520,orig,0.9000606183067287,0.001712638520947015,0.0019230769230769232
original,3,620,orig,0.8936350777934937,0.000935610176018623,0.0016129032258064516
original,3,720,orig,0.8904021014346334,0.0018457364714761378,0.001388888888888889
original,3,820,orig,0.8872499494847444,0.0010692064300119573,0.0012195121951219512
original,3,920,orig,0.8830470802182259,0.001875579128853882,0.0010869565217391304
original,3,1020,orig,0.8805415235401091,0.0016924947740046123,0.000980392156862745
original,3,1120,orig,0.8786421499292786,0.001880796327051117,0.0008928571428571428
original,3,1220,orig,0.8760153566377046,0.002420012919228897,0.000819672131147541
original,3,1320,orig,0.8746817538896746,0.0024428500722905293,0.0007575757575757576
original,3,1420,orig,0.8695898161244695,0.001906668193507447,0.0007042253521126761
original,3,1520,orig,0.869670640533441,0.0015228485497204907,0.0006578947368421052
original,3,1620,orig,0.8666397251970095,0.003325116578011596,0.0006172839506172839
original,3,1720,orig,0.8666801374014952,0.002166486183662157,0.0005813953488372093
original,3,1820,orig,0.8655081834714083,0.0023928666547726684,0.0005494505494505495
original,3,1920,orig,0.8629622145888058,0.000716106087964015,0.0005208333333333333
original,3,2020,orig,0.8605778945241462,0.002969678411133384,0.0004950495049504951
original,3,2120,orig,0.8597696504344311,0.0038039027280663187,0.0004716981132075472
original,3,2220,orig,0.8577086280056576,0.001049161849726986,0.00045045045045045046
original,3,2320,orig,0.8561325520307133,0.001411537619444166,0.0004310344827586207
original,3,2420,orig,0.8542331784198828,0.002807412314885203,0.00041322314049586776
original,3,2520,orig,0.8528187512628813,0.0011892454208576968,0.0003968253968253968
original,3,2620,orig,0.85273792685391,0.0012350540949635394,0.0003816793893129771
original,3,2720,orig,0.8504748434027076,0.001544148165248954,0.0003676470588235294
original,3,2820,orig,0.8504748434027076,0.0018207929401606322,0.0003546099290780142
original,3,2920,orig,0.848939179632249,0.002795753575498529,0.00034246575342465754
original,3,3020,orig,0.8470802182259043,0.0016876632061282007,0.00033112582781456954
original,3,3120,orig,0.8453424934330169,0.002109966050871951,0.0003205128205128205
original,3,3220,orig,0.8458678520913316,0.0008222667185037753,0.00031055900621118014
original,3,3320,orig,0.8437664174580723,0.0009072517405796265,0.00030120481927710846
original,3,3420,orig,0.8458678520913315,0.0020542760197436046,0.00029239766081871346
original,3,3520,orig,0.8430389977773288,0.0022551313684871883,0.0002840909090909091
original,3,3620,orig,0.8427561123459284,0.002929257672163266,0.00027624309392265195
original,3,3720,orig,0.8391998383511821,0.0036312563934912485,0.00026881720430107527
original,3,3820,orig,0.8387957163063244,0.001673084788400444,0.0002617801047120419
original,3,3920,orig,0.8392402505556678,0.000718383060603412,0.00025510204081632655
original,3,4020,orig,0.8369367548999798,0.001700196724022052,0.0002487562189054726
original,3,4120,orig,0.8365730450596081,0.002604628497768767,0.00024271844660194174
original,3,4220,orig,0.8356031521519499,0.0018937764419252035,0.00023696682464454977
original,3,4320,orig,0.8348353202667205,0.0013132412050331104,0.0002314814814814815
original,3,4420,orig,0.8328955344514044,0.0023038501214369413,0.00022624434389140272
original,3,4520,orig,0.8314406950899171,0.0024727514311219684,0.00022123893805309734
original,3,4620,orig,0.8332996564962618,0.0021874913885996444,0.00021645021645021645
original,3,4720,orig,0.8299050313194585,0.0009511903249900751,0.000211864406779661
original,3,4820,orig,0.8310769852495452,0.0021649780134942636,0.0002074688796680498
original,3,4920,orig,0.8290967872297434,0.0021130598443970883,0.0002032520325203252
original,3,5020,orig,0.8291371994342291,0.0028564311250066678,0.00019920318725099602
original,3,5120,orig,0.8282481309355425,0.0009898928037111148,0.0001953125
original,3,5220,orig,0.8273994746413417,0.0008321382211345116,0.00019157088122605365
original,3,5320,orig,0.8282077187310568,0.00216271378626145,0.00018796992481203009
original,3,5420,orig,0.825863810870883,0.002211253024094459,0.00018450184501845018
original,3,5520,orig,0.8257425742574256,0.0016642764422690737,0.00018115942028985507
original,3,5620,orig,0.8248535057587392,0.0015196278583118174,0.00017793594306049823
original,3,5720,orig,0.8230349565568801,0.0018712203520372134,0.00017482517482517483
original,3,5820,orig,0.8223075368761366,0.0017735387559096056,0.0001718213058419244
original,3,5920,orig,0.8238027884421095,0.002397639438139658,0.00016891891891891893
original,3,6020,orig,0.8207718731056779,0.001641551506291386,0.00016611295681063124
original,3,6120,orig,0.8206910486967065,0.0017827233784694053,0.0001633986928104575
original,3,6220,orig,0.8209335219236209,0.00107984556200342,0.0001607717041800643
original,3,6320,orig,0.8187916750858759,0.0010413496647181432,0.00015822784810126583
original,3,6420,orig,0.8180642554051325,0.0019781350980837163,0.00015576323987538941
original,3,6520,orig,0.8182663164275612,0.0016789313459560347,0.00015337423312883436
original,3,6620,orig,0.8170539502929884,0.0005361284769214551,0.00015105740181268882
original,3,6720,orig,0.8155182865225298,0.0017936828467304403,0.00014880952380952382
original,3,6820,orig,0.8154374621135583,0.0023619542042760153,0.0001466275659824047
original,3,6920,orig,0.815477874318044,0.0018181001219158563,0.00014450867052023122
original,3,7020,orig,0.8154374621135583,0.0012495150401083527,0.00014245014245014244
original,3,7120,orig,0.8172560113154173,0.0017735387559096151,0.0001404494382022472
original,3,7220,orig,0.8166902404526166,0.0019439908621225806,0.00013850415512465375
original,3,7320,orig,0.8132147908668419,0.0017550253182952846,0.0001366120218579235
original,3,7420,orig,0.8124873711860982,0.0012324066018974955,0.00013477088948787063
original,3,7520,orig,0.8122448979591838,0.0026696535970763785,0.00013297872340425532
original,3,7620,orig,0.8129723176399273,0.0020108879053747676,0.00013123359580052493
original,3,7720,orig,0.8131743786623561,0.0009614368359968006,0.00012953367875647668
original,3,7820,orig,0.8123257223681553,0.001378761132287874,0.0001278772378516624
original,3,7920,orig,0.811194180642554,0.0019237228103312772,0.00012626262626262626
original,3,8020,orig,0.8109112952111538,0.0017259370785259777,0.00012468827930174563
original,3,8120,orig,0.809537280258638,0.0019904805586622963,0.0001231527093596059
original,3,8220,orig,0.808405738533037,0.001194725843531582,0.00012165450121654502
original,3,8320,orig,0.809698929076581,0.0016185075283492094,0.0001201923076923077
original,3,8420,orig,0.8067488381491209,0.001542031442985554,0.00011876484560570071
original,3,8520,orig,0.8073550212164073,0.0014548393614871543,0.00011737089201877934
original,3,8620,orig,0.8061426550818347,0.0010737789658990845,0.0001160092807424594
original,3,8720,orig,0.8047282279248333,0.002288201683878293,0.00011467889908256881
original,3,8820,orig,0.8055768842190343,0.002343907860173753,0.00011337868480725624
original,3,8920,orig,0.8058193574459486,0.0016953871055488266,0.00011210762331838565
original,3,9020,orig,0.8032733885633462,0.0017173998271065598,0.00011086474501108647
original,3,9120,orig,0.8040412204485754,0.001318206217846058,0.00010964912280701755
original,3,9220,orig,0.8046474035158617,0.001977309326769071,0.00010845986984815618
original,3,9320,orig,0.8027480299050312,0.002174011340685017,0.00010729613733905579
original,3,9420,orig,0.8056577086280058,0.001638564148936216,0.00010615711252653928
original,3,9520,orig,0.8021418468377449,0.0016534469626574243,0.0001050420168067227
original,3,9620,orig,0.8014952515659729,0.0014604413820644643,0.00010395010395010396
original,3,9720,orig,0.8027884421095169,0.0018911875460573824,0.00010288065843621399
original,3,9820,orig,0.801818549201859,0.0016285667148603763,0.00010183299389002037
original,3,9920,orig,0.8005657708628006,0.0030988546393503165,0.00010080645161290323
original,3,10020,orig,0.7997575267730854,0.0013219177396481163,9.98003992015968e-05
original,3,10120,orig,0.7978177409577693,0.0015734833165432617,9.881422924901186e-05
original,3,10220,orig,0.799353404728228,0.0023179843038512683,9.784735812133073e-05
original,3,10320,orig,0.7985047484340271,0.0006440645564966313,9.689922480620155e-05
original,3,10420,orig,0.798504748434027,0.002298172108807892,9.596928982725528e-05
original,3,10520,orig,0.7986259850474843,0.0010111130331943053,9.505703422053231e-05
original,3,10620,orig,0.7984643362295414,0.0009442975506605872,9.416195856873823e-05
original,3,10720,orig,0.7973732067084259,0.0011529878858506496,9.328358208955224e-05
original,3,10820,orig,0.7960396039603961,0.0007731309949367229,9.242144177449168e-05
original,3,10920,orig,0.7962416649828248,0.001161455474900003,9.157509157509158e-05
original,3,11020,orig,0.7955950697110528,0.0016642764422690824,9.074410163339382e-05
original,3,11120,orig,0.7968882602545968,0.0025347184127002048,8.992805755395684e-05
original,3,11220,orig,0.7936552838957366,0.0021053168361496954,8.9126559714795e-05
original,3,11320,orig,0.7940998181450798,0.00028575743834572184,8.833922261484099e-05
original,3,11420,orig,0.7959183673469388,0.0013219177396480788,8.756567425569177e-05
original,3,11520,orig,0.7932511618508788,0.0013119970160232744,8.680555555555556e-05
original,3,11620,orig,0.7942614669630229,0.0026696535970763833,8.605851979345956e-05
original,3,11720,orig,0.7921196201252778,0.0028010060135240764,8.532423208191126e-05
original,3,11820,orig,0.7928066276015355,0.0007296613491722596,8.460236886632826e-05
original,3,11920,orig,0.7934936350777935,0.001171256960694246,8.389261744966443e-05
original,3,12020,orig,0.7935340472822792,0.001849272368340688,8.319467554076539e-05
original,3,12120,orig,0.7903818953323904,0.0006591031089229962,8.250825082508251e-05
original,3,12220,orig,0.7923620933521923,0.001058460364009616,8.183306055646482e-05
original,3,12320,orig,0.7923216811477066,0.0008021593550729191,8.116883116883117e-05
original,3,12420,orig,0.790786017377248,0.0016195162585988152,8.051529790660226e-05
original,3,12520,orig,0.7907456051727623,0.0014207634537277826,7.987220447284345e-05
original,3,12620,orig,0.7910284906041625,0.0011243021008885482,7.92393026941363e-05
original,3,12720,orig,0.7907456051727622,0.002386031831743883,7.861635220125786e-05
original,3,12820,orig,0.7890078803798748,0.0017540945172124316,7.800312012480499e-05
original,3,12920,orig,0.789290765811275,0.0013243863090057892,7.739938080495357e-05
original,3,13020,orig,0.7878359264497878,0.0013644730665697466,7.680491551459293e-05
original,3,13120,orig,0.7882400484946455,0.0016613299487649538,7.621951219512195e-05
original,3,13220,orig,0.7888866437664174,0.0011170155555534538,7.5642965204236e-05
original,3,13320,orig,0.7869064457466155,0.0006465952717720866,7.507507507507507e-05
original,3,13420,orig,0.787310567791473,0.0009782758890208502,7.451564828614009e-05
original,3,13520,orig,0.7880783996767023,0.0014649075740870243,7.396449704142012e-05
original,3,13620,orig,0.7854516063851283,0.00196903256659201,7.342143906020558e-05
original,3,13720,orig,0.787633865427359,0.0009981078226088996,7.28862973760933e-05
original,3,13820,orig,0.7847645989088704,0.0018668513982543575,7.23589001447178e-05
original,3,13920,orig,0.7856132552030713,0.0014570827542792488,7.183908045977011e-05
original,3,14020,orig,0.78419882804607,0.0019083805137389512,7.132667617689016e-05
original,3,14120,orig,0.7855324307940998,0.0014379023539831835,7.082152974504249e-05
original,3,14220,orig,0.7851283087492422,0.0011754325780763055,7.032348804500703e-05
original,3,14320,orig,0.7837947060012124,0.0017193006576021776,6.983240223463687e-05
original,3,14420,orig,0.7850474843402708,0.0018404198887428962,6.934812760055478e-05
original,3,14520,orig,0.7828248130935542,0.001402251086918369,6.887052341597796e-05
original,3,14620,orig,0.7837138815922409,0.0020108879053747676,6.839945280437756e-05
original,3,14720,orig,0.7829056375025257,0.001415004356436585,6.793478260869565e-05
original,3,14820,orig,0.7830672863204688,0.0006834323914038423,6.747638326585695e-05
original,3,14920,orig,0.7817336835724388,0.0010413496647181206,6.702412868632708e-05
original,3,15020,orig,0.7829056375025257,0.0015889758134037212,6.657789613848202e-05
original,3,15120,orig,0.7822994544352395,0.0025192074965461673,6.613756613756614e-05
original,3,15220,orig,0.7814103859365529,0.0015620244970772023,6.570302233902759e-05
original,3,15320,orig,0.7806021418468376,0.001888595101321143,6.527415143603133e-05
original,3,15420,orig,0.7815720347544958,0.0015282012852042136,6.485084306095979e-05
original,3,15520,orig,0.7808042028692664,0.0016730847884004146,6.443298969072165e-05
original,3,15620,orig,0.7807233784602949,0.0004314842696314661,6.402048655569782e-05
original,3,15720,orig,0.780885027278238,0.0018457364714761346,6.361323155216285e-05
original,3,15820,orig,0.7779753485552636,0.0013057582882524319,6.321112515802781e-05
original,3,15920,orig,0.77991513437058,0.0006689410126185828,6.28140703517588e-05
original,3,16020,orig,0.7790260658718933,0.0015045068069498074,6.242197253433208e-05
original,3,16120,orig,0.7784602950090928,0.000862968539262978,6.203473945409429e-05
original,3,16220,orig,0.7786623560315216,0.0011892454208577367,6.165228113440197e-05
original,3,16320,orig,0.7777732875328349,0.0013119970160232377,6.127450980392157e-05
original,3,16420,orig,0.7783794706001212,0.0008890684986866253,6.090133982947625e-05
original,3,16520,orig,0.7782178217821782,0.0016345725129243436,6.053268765133172e-05
original,3,16620,orig,0.7770458678520914,0.0012297534091495598,6.016847172081829e-05
original,3,16720,orig,0.7776924631238634,0.0016235449122328533,5.980861244019139e-05
original,3,16820,orig,0.7759547383309761,0.001503420912324769,5.945303210463734e-05
original,3,16920,orig,0.7772883410790058,0.001336660772563424,5.9101654846335695e-05
original,3,17020,orig,0.7763588603758335,0.0012994896092797192,5.8754406580493536e-05
original,3,17120,orig,0.7747019599919176,0.000734124151326945,5.841121495327103e-05
original,3,17220,orig,0.7750252576278036,0.0009948299555539468,5.8072009291521487e-05
original,3,17320,orig,0.7765205091937766,0.0012843199500562486,5.7736720554272516e-05
original,3,17420,orig,0.7747423721964033,0.0010491618497270247,5.74052812858783e-05
original,3,17520,orig,0.7734491816528591,0.000591179585303219,5.7077625570776254e-05
original,3,17620,orig,0.7745807233784602,0.0014604413820644496,5.675368898978434e-05
original,3,17720,orig,0.773812891493231,0.0007296613491722817,5.64334085778781e-05
original,3,17820,orig,0.7749444332188321,0.0015724450562411532,5.611672278338945e-05
original,3,17920,orig,0.7734087694483736,0.0015314039459685814,5.580357142857143e-05
original,3,18020,orig,0.7728834107900585,0.0008945622801042049,5.549389567147614e-05
original,3,18120,orig,0.7726813497676298,0.0013763900881734647,5.518763796909492e-05
original,3,18220,orig,0.772155991109315,0.0010350574641233169,5.48847420417124e-05
original,3,18320,orig,0.7717114568599717,0.00118097710213801,5.458515283842795e-05
original,3,18420,orig,0.7704586785209133,0.0003381127607735185,5.428881650380022e-05
original,3,18520,orig,0.7724388765407153,0.0013366607725634348,5.3995680345572353e-05
original,3,18620,orig,0.7721964033138007,0.0010661471778761432,5.3705692803437166e-05
original,3,18720,orig,0.7705395029298848,0.0012944528088945154,5.341880341880342e-05
original,3,18820,orig,0.7705799151343706,0.0008816902093057851,5.313496280552604e-05
original,3,18920,orig,0.770499090725399,0.0009931869652410339,5.285412262156448e-05
original,3,19020,orig,0.7700949686805416,0.001180977102138004,5.257623554153522e-05
original,3,19120,orig,0.770337441907456,0.0009782758890208264,5.230125523012552e-05
original,3,19220,orig,0.7692463123863407,0.0016365695478938367,5.202913631633715e-05
original,3,19320,orig,0.7695696100222268,0.0004352527627508175,5.175983436853002e-05
original,3,19420,orig,0.7694483734087695,0.0010615417689685883,5.149330587023687e-05
original,3,19520,orig,0.7685188927055971,0.0012625176279501499,5.122950819672131e-05
original,3,19620,orig,0.7680743584562537,0.0005911795853032098,5.0968399592252805e-05
original,3,19720,orig,0.7686401293190543,0.0015755577845720636,5.070993914807302e-05
original,3,19820,orig,0.7682360072741968,0.0003381127607735053,5.0454086781029264e-05
original,3,19920,orig,0.7676702364113963,0.0008705055255016144,5.020080321285141e-05
original,3,20020,orig,0.7679935340472823,0.0008515379877027821,4.995004995004995e-05
original,3,20120,orig,0.7679935340472823,0.000791914242968877,4.970178926441352e-05
original,3,20220,orig,0.7671448777530814,0.0010737789658990737,4.945598417408506e-05
original,3,20320,orig,0.7664174580723377,0.0004949464018555755,4.921259842519685e-05
original,3,20420,orig,0.7657708628005657,0.0006689410126185909,4.897159647404505e-05
original,3,20520,orig,0.7669428167306526,0.0010271380098717863,4.8732943469785574e-05
original,3,20620,orig,0.7661345726409376,0.0005939356822266767,4.8496605237633365e-05
original,3,20720,orig,0.7656496261871085,0.0009682076015931334,4.826254826254826e-05
original,3,20820,orig,0.7658112750050515,0.0006128814260700607,4.803073967339097e-05
original,3,20920,orig,0.7653667407557082,0.0005330735889380745,4.780114722753346e-05
original,3,21020,orig,0.7652050919377651,0.0007667676686607688,4.757373929590866e-05
original,3,21120,orig,0.7653263285512224,0.0005206748323590604,4.734848484848485e-05
original,3,21220,orig,0.7643968478480501,0.0003130315899137302,4.7125353440150804e-05
original,3,21320,orig,0.7645180844615074,0.0005361284769214601,4.6904315196998124e-05
original,3,21420,orig,0.764073550212164,0.0003024172468599055,4.668534080298786e-05
original,3,21520,orig,0.763588603758335,0.00028575743834572184,4.646840148698885e-05
original,3,21620,orig,0.7636694281673065,0.0004883025246956602,4.625346901017576e-05
original,3,21720,orig,0.7632248939179632,0.00023564162032108272,4.604051565377532e-05
original,3,21820,orig,0.7629015962820772,0.00024247322691454504,4.5829514207149406e-05
original,3,21920,orig,0.76278035966862,0.00018072887270152385,4.562043795620438e-05
IGNORANT,3,20,anon,0.2375025257627804,0.003244574065333448,0.05
IGNORANT,3,120,anon,0.12111537684380683,0.0016886306256436575,0.008333333333333333
IGNORANT,3,220,anon,0.09448373408769448,0.0029905031319458495,0.004545454545454545
IGNORANT,3,320,anon,0.0794908062234795,0.002960314661032521,0.003125
IGNORANT,3,420,anon,0.07035764800969893,0.0018929138700554237,0.002380952380952381
IGNORANT,3,520,anon,0.06425540513234998,0.0011782081016054346,0.0019230769230769232
IGNORANT,3,620,anon,0.05710244493837139,0.001168464925827517,0.0016129032258064516
IGNORANT,3,720,anon,0.05645584966659931,0.0006834323914038306,0.001388888888888889
IGNORANT,3,820,anon,0.05205091937765205,0.0005511489875524693,0.0012195121951219512
IGNORANT,3,920,anon,0.04922206506364922,0.0006075286473377607,0.0010869565217391304
IGNORANT,3,1020,anon,0.04869670640533441,0.0016514703367712723,0.000980392156862745
IGNORANT,3,1120,anon,0.044655485956758945,0.0017381946387235053,0.0008928571428571428
IGNORANT,3,1220,anon,0.04154374621135583,0.0016445334370075433,0.000819672131147541
IGNORANT,3,1320,anon,0.04093756314406951,0.0008629685392629867,0.0007575757575757576
IGNORANT,3,1420,anon,0.039361487169125076,0.0008222667185037691,0.0007042253521126761
IGNORANT,3,1520,anon,0.03774499898969489,0.001378761132287894,0.0006578947368421052
IGNORANT,3,1620,anon,0.037219640331380074,0.0010094965444976197,0.0006172839506172839
IGNORANT,3,1720,anon,0.03661345726409375,0.001174042355735216,0.0005813953488372093
IGNORANT,3,1820,anon,0.03390583956354819,0.0009766050493913569,0.0005494505494505495
IGNORANT,3,1920,anon,0.034552434835320264,0.0008761157158488099,0.0005208333333333333
IGNORANT,3,2020,anon,0.03394625176803395,0.0005994098595349097,0.0004950495049504951
IGNORANT,3,2120,anon,0.03334006870074763,0.00138231007286216,0.0004716981132075472
IGNORANT,3,2220,anon,0.031683168316831684,0.0005911795853032039,0.00045045045045045046
IGNORANT,3,2320,anon,0.03144069508991716,0.0015099245659542862,0.0004310344827586207
IGNORANT,3,2420,anon,0.03099616084057385,0.0010111130331943259,0.00041322314049586776
IGNORANT,3,2520,anon,0.02942008486562942,0.00067137796426899,0.0003968253968253968
IGNORANT,3,2620,anon,0.028975550616286115,0.0008723795976933891,0.0003816793893129771
IGNORANT,3,2720,anon,0.029218023843200647,0.001161455474899973,0.0003676470588235294
IGNORANT,3,2820,anon,0.028167306526571022,0.0014322121759280141,0.0003546099290780142
IGNORANT,3,2920,anon,0.02760153566377046,0.000978275889020829,0.00034246575342465754
IGNORANT,3,3020,anon,0.026550818347140837,0.0011329840993231904,0.00033112582781456954
IGNORANT,3,3120,anon,0.026389169529197815,0.000935610176018608,0.0003205128205128205
IGNORANT,3,3220,anon,0.026954940391998382,0.0009948299555539448,0.00031055900621118014
IGNORANT,3,3320,anon,0.025055566781167916,0.0007341241513269326,0.00030120481927710846
IGNORANT,3,3420,anon,0.025661749848454235,0.0007229154908061558,0.00029239766081871346
IGNORANT,3,3520,anon,0.02554051323499697,0.001509924565954286,0.0002840909090909091
IGNORANT,3,3620,anon,0.024853505758739142,0.0005111784457738335,0.00027624309392265195
IGNORANT,3,3720,anon,0.025095978985653668,0.0009425664812843484,0.00026881720430107527
IGNORANT,3,3820,anon,0.024045261669024043,0.001157229425199139,0.0002617801047120419
IGNORANT,3,3920,anon,0.024166498282481314,0.0012028996618417638,0.00025510204081632655
IGNORANT,3,4020,anon,0.022711658920994138,0.0008723795976933895,0.0002487562189054726
IGNORANT,3,4120,anon,0.022752071125479896,0.0010350574641233136,0.00024271844660194174
IGNORANT,3,4220,anon,0.022590422307536877,0.0012015412202318458,0.00023696682464454977
IGNORANT,3,4320,anon,0.022307536876136593,0.0008909035233400126,0.0002314814814814815
IGNORANT,3,4420,anon,0.022550010103051122,0.0009356101760186083,0.00022624434389140272
IGNORANT,3,4520,anon,0.02162052939987876,0.0004426935199071858,0.00022123893805309734
IGNORANT,3,4620,anon,0.022347949080622348,0.001356068841023441,0.00021645021645021645
IGNORANT,3,4720,anon,0.021216407355021217,0.0006516272174822016,0.000211864406779661
IGNORANT,3,4820,anon,0.021175995150535462,0.001167066403571926,0.0002074688796680498
IGNORANT,3,4920,anon,0.021175995150535462,0.0006312588139750782,0.0002032520325203252
IGNORANT,3,5020,anon,0.02056981208324914,0.0011947258435315805,0.00019920318725099602
IGNORANT,3,5120,anon,0.01984239240250556,0.0007046108617564231,0.0001953125
IGNORANT,3,5220,anon,0.019882804606991312,0.0006075286473377606,0.00019157088122605365
IGNORANT,3,5320,anon,0.019882804606991315,0.0010111130331943265,0.00018796992481203009
IGNORANT,3,5420,anon,0.020246514447363105,0.0009072517405796581,0.00018450184501845018
IGNORANT,3,5520,anon,0.019397858153162258,0.0005856284803471179,0.00018115942028985507
IGNORANT,3,5620,anon,0.019438270357648012,0.0009511903249900844,0.00017793594306049823
IGNORANT,3,5720,anon,0.018953323903818955,0.0005911795853032047,0.00017482517482517483
IGNORANT,3,5820,anon,0.019195797130733484,0.0010615417689685753,0.0001718213058419244
IGNORANT,3,5920,anon,0.01867043847241867,0.0010813568931307056,0.00016891891891891893
IGNORANT,3,6020,anon,0.01919579713073348,0.0013524510430940808,0.00016611295681063124
IGNORANT,3,6120,anon,0.018549201858961407,0.0007385599871690063,0.0001633986928104575
IGNORANT,3,6220,anon,0.018832087290361687,0.0011022979751049392,0.0001607717041800643
IGNORANT,3,6320,anon,0.018266316427561123,0.0013799451266085165,0.00015822784810126583
IGNORANT,3,6420,anon,0.018104667609618107,0.0009614368359967929,0.00015576323987538941
IGNORANT,3,6520,anon,0.018064255405132353,0.0005511489875524697,0.00015337423312883436
IGNORANT,3,6620,anon,0.01770054556476056,0.0011823591706064092,0.00015105740181268882
IGNORANT,3,6720,anon,0.018266316427561123,0.0008723795976933889,0.00014880952380952382
IGNORANT,3,6820,anon,0.017660133360274805,0.0006834323914038299,0.0001466275659824047
IGNORANT,3,6920,anon,0.017134774701959992,0.0005175287320616559,0.00014450867052023122
IGNORANT,3,7020,anon,0.01798343099616084,0.0008945622801042089,0.00014245014245014244
IGNORANT,3,7120,anon,0.01753889674681754,0.00041212523852032974,0.0001404494382022472
IGNORANT,3,7220,anon,0.01652859163467367,0.0008321382211345314,0.00013850415512465375
IGNORANT,3,7320,anon,0.016569003839159428,0.0007877788922860346,0.0001366120218579235
IGNORANT,3,7420,anon,0.016892301475045463,0.0009090500609579303,0.00013477088948787063
IGNORANT,3,7520,anon,0.01592240856738735,0.00032329763588603844,0.00013297872340425532
IGNORANT,3,7620,anon,0.01713477470195999,0.0006312588139750779,0.00013123359580052493
IGNORANT,3,7720,anon,0.016488179430187915,0.0007836217187175319,0.00012953367875647668
IGNORANT,3,7820,anon,0.01620529399878763,0.0007046108617564231,0.0001278772378516624
IGNORANT,3,7920,anon,0.015599110931501315,0.001208318156211441,0.00012626262626262626
IGNORANT,3,8020,anon,0.016528591634673673,0.0015409719915083946,0.00012468827930174563
IGNORANT,3,8120,anon,0.015477874318044049,0.0005047482722488103,0.0001231527093596059
IGNORANT,3,8220,anon,0.016205293998787635,0.0008122752573142772,0.00012165450121654502
IGNORANT,3,8320,anon,0.015639523135987064,0.0007624959492468458,0.0001201923076923077
IGNORANT,3,8420,anon,0.016205293998787635,0.0004678050880093038,0.00011876484560570071
IGNORANT,3,8520,anon,0.01616488179430188,0.000777344274062289,0.00011737089201877934
IGNORANT,3,8620,anon,0.015033340068700746,0.0007939738413573856,0.0001160092807424594
IGNORANT,3,8720,anon,0.015558698727015558,0.0012324066018975068,0.00011467889908256881
IGNORANT,3,8820,anon,0.015437462113558295,0.00047128324064217466,0.00011337868480725624
IGNORANT,3,8920,anon,0.014952515659729238,0.0008945622801042096,0.00011210762331838565
IGNORANT,3,9020,anon,0.015356637704586784,0.001219082895857616,0.00011086474501108647
IGNORANT,3,9120,anon,0.01503334006870075,0.0007296613491722688,0.00010964912280701755
IGNORANT,3,9220,anon,0.01531622550010103,0.0007495347339256978,0.00010845986984815618
IGNORANT,3,9320,anon,0.015275813295615276,0.0007624959492468456,0.00010729613733905579
IGNORANT,3,9420,anon,0.014831279046271975,0.0007296613491722688,0.00010615711252653928
IGNORANT,3,9520,anon,0.01471004243281471,0.0008122752573142773,0.0001050420168067227
IGNORANT,3,9620,anon,0.014750454637300464,0.0006128814260700383,0.00010395010395010396
IGNORANT,3,9720,anon,0.014346332592442917,0.0008380053082775402,0.00010288065843621399
IGNORANT,3,9820,anon,0.013942210547585371,0.0005856284803471185,0.00010183299389002037
IGNORANT,3,9920,anon,0.01446756920590018,0.0005939356822266745,0.00010080645161290323
IGNORANT,3,10020,anon,0.01471004243281471,0.0005015022689832635,9.98003992015968e-05
IGNORANT,3,10120,anon,0.014225095978985653,0.000853453711131254,9.881422924901186e-05
IGNORANT,3,10220,anon,0.0146292180238432,0.0006713779642689898,9.784735812133073e-05
IGNORANT,3,10320,anon,0.01426550818347141,0.00047128324064217466,9.689922480620155e-05
IGNORANT,3,10420,anon,0.01386138613861386,0.0010429167832341029,9.596928982725528e-05
IGNORANT,3,10520,anon,0.013942210547585371,0.0006128814260700385,9.505703422053231e-05
IGNORANT,3,10620,anon,0.01410385936552839,0.0009849309037748186,9.416195856873823e-05
IGNORANT,3,10720,anon,0.013699737320670844,0.0006810385753223974,9.328358208955224e-05
IGNORANT,3,10820,anon,0.013942210547585371,0.0007560431171497156,9.242144177449168e-05
IGNORANT,3,10920,anon,0.013214790866841786,0.0004160691105672658,9.157509157509158e-05
IGNORANT,3,11020,anon,0.01272984441301273,0.000571514876691491,9.074410163339382e-05
IGNORANT,3,11120,anon,0.013618912911699333,0.00020606261926016514,8.992805755395684e-05
IGNORANT,3,11220,anon,0.013214790866841786,0.0007069248609632613,8.9126559714795e-05
IGNORANT,3,11320,anon,0.013699737320670844,0.000548177812335847,8.833922261484099e-05
IGNORANT,3,11420,anon,0.012931905435441505,0.00033811276077351976,8.756567425569177e-05
IGNORANT,3,11520,anon,0.013618912911699333,0.0005800242511378998,8.680555555555556e-05
IGNORANT,3,11620,anon,0.01333602748029905,0.0007115302833565972,8.605851979345956e-05
IGNORANT,3,11720,anon,0.01333602748029905,0.0006389730572172919,8.532423208191126e-05
IGNORANT,3,11820,anon,0.012931905435441505,0.00028575743834574564,8.460236886632826e-05
IGNORANT,3,11920,anon,0.012568195595069711,0.0004500112639183691,8.389261744966443e-05
IGNORANT,3,12020,anon,0.01256819559506971,0.0008021593550729119,8.319467554076539e-05
IGNORANT,3,12120,anon,0.012527783390583955,0.0007341241513269327,8.250825082508251e-05
IGNORANT,3,12220,anon,0.012446958981612447,0.00024247322691452837,8.183306055646482e-05
IGNORANT,3,12320,anon,0.012487371186098202,0.0003476389277447009,8.116883116883117e-05
IGNORANT,3,12420,anon,0.013133966457870277,0.0009563273037946435,8.051529790660226e-05
IGNORANT,3,12520,anon,0.012770256617498485,0.0006440645564966344,7.987220447284345e-05
IGNORANT,3,12620,anon,0.012568195595069711,0.0006566206025165458,7.92393026941363e-05
IGNORANT,3,12720,anon,0.012083249141240654,0.000738559987169007,7.861635220125786e-05
IGNORANT,3,12820,anon,0.01220448575469792,0.00045362587028982906,7.800312012480499e-05
IGNORANT,3,12920,anon,0.012164073550212165,0.0005772017319493108,7.739938080495357e-05
IGNORANT,3,13020,anon,0.01220448575469792,0.0006075286473377614,7.680491551459293e-05
IGNORANT,3,13120,anon,0.012002424732269146,0.0003523054308782121,7.621951219512195e-05
IGNORANT,3,13220,anon,0.012164073550212163,0.0007385599871690068,7.5642965204236e-05
IGNORANT,3,13320,anon,0.011719539300868862,0.0005111784457738338,7.507507507507507e-05
IGNORANT,3,13420,anon,0.012568195595069711,0.0007385599871690062,7.451564828614009e-05
IGNORANT,3,13520,anon,0.011679127096383107,0.00032329763588603773,7.396449704142012e-05
IGNORANT,3,13620,anon,0.011396241664982824,0.00030241724685988624,7.342143906020558e-05
IGNORANT,3,13720,anon,0.011234592847039804,0.000416069110567266,7.28862973760933e-05
IGNORANT,3,13820,anon,0.012527783390583958,0.0005994098595349091,7.23589001447178e-05
IGNORANT,3,13920,anon,0.011234592847039806,0.0005361284769214627,7.183908045977011e-05
IGNORANT,3,14020,anon,0.011719539300868862,0.000542186618104617,7.132667617689016e-05
IGNORANT,3,14120,anon,0.011153768438068295,0.0004500112639183686,7.082152974504249e-05
IGNORANT,3,14220,anon,0.011355829460497069,0.0007046108617564235,7.032348804500703e-05
IGNORANT,3,14320,anon,0.01135582946049707,0.0006810385753223973,6.983240223463687e-05
IGNORANT,3,14420,anon,0.011557890482925845,0.0005911795853032047,6.934812760055478e-05
IGNORANT,3,14520,anon,0.010992119620125279,0.00037476736696284897,6.887052341597796e-05
IGNORANT,3,14620,anon,0.010790058597696505,0.00024247322691452801,6.839945280437756e-05
IGNORANT,3,14720,anon,0.011153768438068297,0.000771015721492783,6.793478260869565e-05
IGNORANT,3,14820,anon,0.011436653869468578,0.00041606911056726653,6.747638326585695e-05
IGNORANT,3,14920,anon,0.011194180642554051,0.00045362587028982933,6.702412868632708e-05
IGNORANT,3,15020,anon,0.010992119620125276,0.00043525276275081863,6.657789613848202e-05
IGNORANT,3,15120,anon,0.011032531824611034,0.00030241724685988635,6.613756613756614e-05
IGNORANT,3,15220,anon,0.011032531824611034,0.0006208240652955024,6.570302233902759e-05
IGNORANT,3,15320,anon,0.010951707415639524,0.00019797856074222505,6.527415143603133e-05
IGNORANT,3,15420,anon,0.011355829460497072,0.0006048344937197726,6.485084306095979e-05
IGNORANT,3,15520,anon,0.011679127096383107,0.00023564162032108717,6.443298969072165e-05
IGNORANT,3,15620,anon,0.010870883006668015,0.0002969678411133374,6.402048655569782e-05
IGNORANT,3,15720,anon,0.010870883006668013,0.0005175287320616565,6.361323155216285e-05
IGNORANT,3,15820,anon,0.011072944029096787,0.0005628768752145532,6.321112515802781e-05
IGNORANT,3,15920,anon,0.010587997575267731,0.0007407679442240194,6.28140703517588e-05
IGNORANT,3,16020,anon,0.010709234188724995,0.00028575743834574564,6.242197253433208e-05
IGNORANT,3,16120,anon,0.01066882198423924,0.000391810859358766,6.203473945409429e-05
IGNORANT,3,16220,anon,0.010749646393210749,0.0003918108593587654,6.165228113440197e-05
IGNORANT,3,16320,anon,0.010507173166296221,0.0003833838343303751,6.127450980392157e-05
IGNORANT,3,16420,anon,0.009860577894524148,0.00045001126391836914,6.090133982947625e-05
IGNORANT,3,16520,anon,0.010183875530410185,0.00037476736696284886,6.053268765133172e-05
IGNORANT,3,16620,anon,0.010103051121438673,0.0006516272174822025,6.016847172081829e-05
IGNORANT,3,16720,anon,0.010345524348353202,0.00043148426963149366,5.980861244019139e-05
IGNORANT,3,16820,anon,0.010305112143867447,0.0003381127607735202,5.945303210463734e-05
IGNORANT,3,16920,anon,0.010507173166296221,0.0006640402798607794,5.9101654846335695e-05
IGNORANT,3,17020,anon,0.010345524348353202,0.0003232976358860377,5.8754406580493536e-05
IGNORANT,3,17120,anon,0.010183875530410185,0.0005361284769214626,5.841121495327103e-05
IGNORANT,3,17220,anon,0.010103051121438675,0.00047816365189732197,5.8072009291521487e-05
IGNORANT,3,17320,anon,0.010143463325924428,0.0007385599871690061,5.7736720554272516e-05
IGNORANT,3,17420,anon,0.0099009900990099,0.000255589222886917,5.74052812858783e-05
IGNORANT,3,17520,anon,0.010224287734895938,0.000328310301258273,5.7077625570776254e-05
IGNORANT,3,17620,anon,0.010224287734895938,0.0004883025246956783,5.675368898978434e-05
IGNORANT,3,17720,anon,0.010305112143867447,0.00022134675995359306,5.64334085778781e-05
IGNORANT,3,17820,anon,0.009981814507981409,0.00027408890616792327,5.611672278338945e-05
IGNORANT,3,17920,anon,0.009900990099009901,0.00022134675995359306,5.580357142857143e-05
IGNORANT,3,18020,anon,0.009941402303495656,0.0006440645564966347,5.549389567147614e-05
IGNORANT,3,18120,anon,0.010183875530410183,0.00030241724685988624,5.518763796909492e-05
IGNORANT,3,18220,anon,0.010345524348353204,0.00039181085935876544,5.48847420417124e-05
IGNORANT,3,18320,anon,0.010062638916952919,0.0002969678411133374,5.458515283842795e-05
IGNORANT,3,18420,anon,0.009739341281066882,0.0005015022689832635,5.428881650380022e-05
IGNORANT,3,18520,anon,0.01006263891695292,0.0005175287320616569,5.3995680345572353e-05
IGNORANT,3,18620,anon,0.00961810466760962,0.00047128324064217407,5.3705692803437166e-05
IGNORANT,3,18720,anon,0.009739341281066884,0.0002969678411133374,5.341880341880342e-05
IGNORANT,3,18820,anon,0.009496868054152355,0.0002857574383457456,5.313496280552604e-05
IGNORANT,3,18920,anon,0.009416043645180843,0.0003024172468598863,5.285412262156448e-05
IGNORANT,3,19020,anon,0.009779753485552638,0.00027408890616792365,5.257623554153522e-05
IGNORANT,3,19120,anon,0.009981814507981409,0.0002424732269145281,5.230125523012552e-05
IGNORANT,3,19220,anon,0.00961810466760962,0.0003747673669628494,5.202913631633715e-05
IGNORANT,3,19320,anon,0.009739341281066882,0.0003918108593587657,5.175983436853002e-05
IGNORANT,3,19420,anon,0.009658516872095372,0.00026806423846073145,5.149330587023687e-05
IGNORANT,3,19520,anon,0.00982016569003839,0.00041606911056726626,5.122950819672131e-05
IGNORANT,3,19620,anon,0.009900990099009901,0.00022134675995359306,5.0968399592252805e-05
IGNORANT,3,19720,anon,0.0094564558496666,0.00015120862342994293,5.070993914807302e-05
IGNORANT,3,19820,anon,0.009496868054152351,0.0003614577454030779,5.0454086781029264e-05
IGNORANT,3,19920,anon,0.009416043645180843,0.00027408890616792365,5.020080321285141e-05
IGNORANT,3,20020,anon,0.009335219236209336,0.0004314842696314942,4.995004995004995e-05
IGNORANT,3,20120,anon,0.00953728025863811,0.0005015022689832635,4.970178926441352e-05
IGNORANT,3,20220,anon,0.009416043645180843,0.00027408890616792365,4.945598417408506e-05
IGNORANT,3,20320,anon,0.009213982622752071,0.0003024172468598864,4.921259842519685e-05
IGNORANT,3,20420,anon,0.00929480703172358,0.0003381127607735204,4.897159647404505e-05
IGNORANT,3,20520,anon,0.009052333804809052,0.00015120862342994347,4.8732943469785574e-05
IGNORANT,3,20620,anon,0.009052333804809052,0.00015120862342994347,4.8496605237633365e-05
IGNORANT,3,20720,anon,0.009092746009294807,0.00022134675995359366,4.826254826254826e-05
IGNORANT,3,20820,anon,0.00929480703172358,0.0003614577454030781,4.803073967339097e-05
IGNORANT,3,20920,anon,0.009213982622752071,0.00016164881794301922,4.780114722753346e-05
IGNORANT,3,21020,anon,0.009173570418266316,0.00020606261926016563,4.757373929590866e-05
IGNORANT,3,21120,anon,0.009133158213780562,0.00015120862342994347,4.734848484848485e-05
IGNORANT,3,21220,anon,0.009092746009294807,0.00012779461144345877,4.7125353440150804e-05
IGNORANT,3,21320,anon,0.009011921600323297,9.898928037111273e-05,4.6904315196998124e-05
IGNORANT,3,21420,anon,0.009092746009294805,0.00012779461144345877,4.668534080298786e-05
IGNORANT,3,21520,anon,0.009011921600323297,9.898928037111273e-05,4.646840148698885e-05
IGNORANT,3,21620,anon,0.008931097191351786,8.082440897150961e-05,4.625346901017576e-05
IGNORANT,3,21720,anon,0.009133158213780562,0.0002356416203210877,4.604051565377532e-05
IGNORANT,3,21820,anon,0.008890684986866033,0.0,4.5829514207149406e-05
IGNORANT,3,21920,anon,0.008890684986866033,0.0,4.562043795620438e-05
SEMI-INFORMED,3,20,anon,0.35716306324510005,0.003301951621065351,0.05
SEMI-INFORMED,3,120,anon,0.2359668619923217,0.0014196135033542384,0.008333333333333333
SEMI-INFORMED,3,220,anon,0.20165690038391593,0.0019465095298108418,0.004545454545454545
SEMI-INFORMED,3,320,anon,0.1810062638916953,0.002604628497768755,0.003125
SEMI-INFORMED,3,420,anon,0.16621539704990906,0.0029986836062378865,0.002380952380952381
SEMI-INFORMED,3,520,anon,0.15631440695089915,0.0011111519163360237,0.0019230769230769232
SEMI-INFORMED,3,620,anon,0.15009092746009295,0.0018270607485079433,0.0016129032258064516
SEMI-INFORMED,3,720,anon,0.14285714285714285,0.0018607176291325596,0.001388888888888889
SEMI-INFORMED,3,820,anon,0.13473428975550616,0.0018448514383533367,0.0012195121951219512
SEMI-INFORMED,3,920,anon,0.12996564962618712,0.0009849309037748175,0.0010869565217391304
SEMI-INFORMED,3,1020,anon,0.12616690240452616,0.0013070084161484132,0.000980392156862745
SEMI-INFORMED,3,1120,anon,0.12059001818549202,0.002508813610049505,0.0008928571428571428
SEMI-INFORMED,3,1220,anon,0.11804404930288945,0.0017164486224768875,0.000819672131147541
SEMI-INFORMED,3,1320,anon,0.1157001414427157,0.001499069467851397,0.0007575757575757576
SEMI-INFORMED,3,1420,anon,0.11165892099414024,0.0019152144855239923,0.0007042253521126761
SEMI-INFORMED,3,1520,anon,0.11246716508385532,0.0020983236994539752,0.0006578947368421052
SEMI-INFORMED,3,1620,anon,0.10781976156799353,0.0011754325780762981,0.0006172839506172839
SEMI-INFORMED,3,1720,anon,0.10604162457062032,0.0007919142429689003,0.0005813953488372093
SEMI-INFORMED,3,1820,anon,0.10248535057587391,0.0029735255023878985,0.0005494505494505495
SEMI-INFORMED,3,1920,anon,0.0993736108304708,0.0010569162926346329,0.0005208333333333333
SEMI-INFORMED,3,2020,anon,0.10094968680541523,0.00027408890616792284,0.0004950495049504951
SEMI-INFORMED,3,2120,anon,0.09743382501515457,0.0014870373403090826,0.0004716981132075472
SEMI-INFORMED,3,2220,anon,0.09476661951909478,0.0018163026917958564,0.00045045045045045046
SEMI-INFORMED,3,2320,anon,0.0946453829056375,0.0025989792185594734,0.0004310344827586207
SEMI-INFORMED,3,2420,anon,0.09335219236209336,0.001680875679376473,0.00041322314049586776
SEMI-INFORMED,3,2520,anon,0.09052333804809051,0.0020084499720815,0.0003968253968253968
SEMI-INFORMED,3,2620,anon,0.09048292584360476,0.0009162080459692577,0.0003816793893129771
SEMI-INFORMED,3,2720,anon,0.08846231561931704,0.0008610739847509583,0.0003676470588235294
SEMI-INFORMED,3,2820,anon,0.08684582743988686,0.0022406007315625975,0.0003546099290780142
SEMI-INFORMED,3,2920,anon,0.08882602545968883,0.00207484302331678,0.00034246575342465754
SEMI-INFORMED,3,3020,anon,0.08623964437260054,0.0010722569538429267,0.00033112582781456954
SEMI-INFORMED,3,3120,anon,0.08583552232774297,0.0017306617987766302,0.0003205128205128205
SEMI-INFORMED,3,3220,anon,0.08256213376439685,0.001125753750429104,0.00031055900621118014
SEMI-INFORMED,3,3320,anon,0.081875126288139,0.0003476389277447015,0.00030120481927710846
SEMI-INFORMED,3,3420,anon,0.08155182865225298,0.002736714965178744,0.00029239766081871346
SEMI-INFORMED,3,3520,anon,0.07985451606385127,0.0006312588139750799,0.0002840909090909091
SEMI-INFORMED,3,3620,anon,0.0809860577894524,0.001749433083201725,0.00027624309392265195
SEMI-INFORMED,3,3720,anon,0.07965245504142252,0.0017259370785259749,0.00026881720430107527
SEMI-INFORMED,3,3820,anon,0.07872297433825015,0.0026395079075058276,0.0002617801047120419
SEMI-INFORMED,3,3920,anon,0.07738937159022026,0.0014401721302247294,0.00025510204081632655
SEMI-INFORMED,3,4020,anon,0.07589412002424734,0.001350033791755106,0.0002487562189054726
SEMI-INFORMED,3,4120,anon,0.07589412002424734,0.0018677260065938736,0.00024271844660194174
SEMI-INFORMED,3,4220,anon,0.07488381491210346,0.0021099660508719525,0.00023696682464454977
SEMI-INFORMED,3,4320,anon,0.07500505152556072,0.0007710157214927814,0.0002314814814814815
SEMI-INFORMED,3,4420,anon,0.07488381491210346,0.0012881291129932674,0.00022624434389140272
SEMI-INFORMED,3,4520,anon,0.07387350979995959,0.0015889758134037188,0.00022123893805309734
SEMI-INFORMED,3,4620,anon,0.07468175388967468,0.0015099245659542862,0.00021645021645021645
SEMI-INFORMED,3,4720,anon,0.07140836532632855,0.0027663917704788556,0.000211864406779661
SEMI-INFORMED,3,4820,anon,0.07128712871287128,0.00161345441727033,0.0002074688796680498
SEMI-INFORMED,3,4920,anon,0.07104465548595676,0.0007517104561623863,0.0002032520325203252
SEMI-INFORMED,3,5020,anon,0.06991311376035562,0.0006260631798274272,0.00019920318725099602
SEMI-INFORMED,3,5120,anon,0.07161042634875732,0.002237683281455994,0.0001953125
SEMI-INFORMED,3,5220,anon,0.06954940391998383,0.0010334784281708965,0.00019157088122605365
SEMI-INFORMED,3,5320,anon,0.06870074762578299,0.0014626761827321786,0.00018796992481203009
SEMI-INFORMED,3,5420,anon,0.06676096181046676,0.0010888820840822375,0.00018450184501845018
SEMI-INFORMED,3,5520,anon,0.0661951909476662,0.0014771199743380146,0.00018115942028985507
SEMI-INFORMED,3,5620,anon,0.06720549605981006,0.0014604413820644686,0.00017793594306049823
SEMI-INFORMED,3,5720,anon,0.06663972519700949,0.0012083181562114415,0.00017482517482517483
SEMI-INFORMED,3,5820,anon,0.0662760153566377,0.0021574213481574695,0.0001718213058419244
SEMI-INFORMED,3,5920,anon,0.06550818347140837,0.001822585942013285,0.00016891891891891893
SEMI-INFORMED,3,6020,anon,0.06566983228935139,0.002187491388599613,0.00016611295681063124
SEMI-INFORMED,3,6120,anon,0.06558900788037987,0.00032831030125827246,0.0001633986928104575
SEMI-INFORMED,3,6220,anon,0.06526571024449382,0.002024647411578152,0.0001607717041800643
SEMI-INFORMED,3,6320,anon,0.06486158819963629,0.0018207929401606454,0.00015822784810126583
SEMI-INFORMED,3,6420,anon,0.06284097797534856,0.0011642643193281825,0.00015576323987538941
SEMI-INFORMED,3,6520,anon,0.06328551222469186,0.0003918108593587652,0.00015337423312883436
SEMI-INFORMED,3,6620,anon,0.06259850474843404,0.0009766050493913582,0.00015105740181268882
SEMI-INFORMED,3,6720,anon,0.06332592442917762,0.0008534537111312553,0.00014880952380952382
SEMI-INFORMED,3,6820,anon,0.061547787431804404,0.002197175545616196,0.0001466275659824047
SEMI-INFORMED,3,6920,anon,0.06259850474843404,0.0016779583343727376,0.00014450867052023122
SEMI-INFORMED,3,7020,anon,0.06098201656900384,0.0007161060879640077,0.00014245014245014244
SEMI-INFORMED,3,7120,anon,0.0610224287734896,0.0016114287360983555,0.0001404494382022472
SEMI-INFORMED,3,7220,anon,0.061224489795918366,0.0012324066018975064,0.00013850415512465375
SEMI-INFORMED,3,7320,anon,0.060820367751060825,0.0009477502040459551,0.0001366120218579235
SEMI-INFORMED,3,7420,anon,0.06053748231966054,0.0010429167832341026,0.00013477088948787063
SEMI-INFORMED,3,7520,anon,0.05964841382097393,0.002534718412700215,0.00013297872340425532
SEMI-INFORMED,3,7620,anon,0.06025459688826026,0.0013964156430124083,0.00013123359580052493
SEMI-INFORMED,3,7720,anon,0.0594059405940594,0.0015066762483174165,0.00012953367875647668
SEMI-INFORMED,3,7820,anon,0.06005253586583148,0.0010413496647181358,0.0001278772378516624
SEMI-INFORMED,3,7920,anon,0.058678520913315824,0.0005657708628005667,0.00012626262626262626
SEMI-INFORMED,3,8020,anon,0.0576278035966862,0.0011529878858506466,0.00012468827930174563
SEMI-INFORMED,3,8120,anon,0.05774904021014347,0.0005772017319493123,0.0001231527093596059
SEMI-INFORMED,3,8220,anon,0.05706203273388564,0.001118476662202306,0.00012165450121654502
SEMI-INFORMED,3,8320,anon,0.057466154778743186,0.0014492156861621425,0.0001201923076923077
SEMI-INFORMED,3,8420,anon,0.05665791068902809,0.0010030045379665253,0.00011876484560570071
SEMI-INFORMED,3,8520,anon,0.05641543746211356,0.0005911795853032039,0.00011737089201877934
SEMI-INFORMED,3,8620,anon,0.05673873509799959,0.0010013749600617393,0.0001160092807424594
SEMI-INFORMED,3,8720,anon,0.05665791068902809,0.0014322121759280137,0.00011467889908256881
SEMI-INFORMED,3,8820,anon,0.055849666599312994,0.002117692060064481,0.00011337868480725624
SEMI-INFORMED,3,8920,anon,0.055566781167912714,0.0008572723150372371,0.00011210762331838565
SEMI-INFORMED,3,9020,anon,0.056294200848656294,0.0010111130331943272,0.00011086474501108647
SEMI-INFORMED,3,9120,anon,0.05487977369165488,0.0011684649258275185,0.00010964912280701755
SEMI-INFORMED,3,9220,anon,0.05439482723782583,0.0005481778123358488,0.00010845986984815618
SEMI-INFORMED,3,9320,anon,0.05443523944231158,0.0010737789658990836,0.00010729613733905579
SEMI-INFORMED,3,9420,anon,0.05407152960193978,0.0008629685392629883,0.00010615711252653928
SEMI-INFORMED,3,9520,anon,0.05504142250959789,0.0012096689874395454,0.0001050420168067227
SEMI-INFORMED,3,9620,anon,0.052939987876338655,0.0014287871917287283,0.00010395010395010396
SEMI-INFORMED,3,9720,anon,0.05362699535259648,0.0011823591706064099,0.00010288065843621399
SEMI-INFORMED,3,9820,anon,0.053142048898767426,0.0018781895394822785,0.00010183299389002037
SEMI-INFORMED,3,9920,anon,0.0528995756718529,0.0008418939848858224,0.00010080645161290323
SEMI-INFORMED,3,10020,anon,0.05350575873913922,0.0013427559285379817,9.98003992015968e-05
SEMI-INFORMED,3,10120,anon,0.05354617094362498,0.0004607700242873878,9.881422924901186e-05
SEMI-INFORMED,3,10220,anon,0.05172762174176602,0.0008182847739469234,9.784735812133073e-05
SEMI-INFORMED,3,10320,anon,0.052939987876338655,0.0009732547649054192,9.689922480620155e-05
SEMI-INFORMED,3,10420,anon,0.052657102444938375,0.0007836217187175327,9.596928982725528e-05
SEMI-INFORMED,3,10520,anon,0.051565972923823,0.0003476389277447,9.505703422053231e-05
SEMI-INFORMED,3,10620,anon,0.05108102646999394,0.0010255467803960009,9.416195856873823e-05
SEMI-INFORMED,3,10720,anon,0.0512022630834512,0.0006591031089230197,9.328358208955224e-05
SEMI-INFORMED,3,10820,anon,0.053222873307738935,0.0010030045379665266,9.242144177449168e-05
SEMI-INFORMED,3,10920,anon,0.05108102646999394,0.0009511903249900846,9.157509157509158e-05
SEMI-INFORMED,3,11020,anon,0.0512022630834512,0.0009090500609579296,9.074410163339382e-05
SEMI-INFORMED,3,11120,anon,0.05075772883410791,0.0007710157214927819,8.992805755395684e-05
SEMI-INFORMED,3,11220,anon,0.050191957971307335,0.0006834323914038311,8.9126559714795e-05
SEMI-INFORMED,3,11320,anon,0.05035360678925036,0.0013548639817530992,8.833922261484099e-05
SEMI-INFORMED,3,11420,anon,0.04966659931299252,0.00045001126391837007,8.756567425569177e-05
SEMI-INFORMED,3,11520,anon,0.04914124065467772,0.0007919142429688993,8.680555555555556e-05
SEMI-INFORMED,3,11620,anon,0.05132349969690847,0.0005994098595349098,8.605851979345956e-05
SEMI-INFORMED,3,11720,anon,0.04994948474439281,0.001131541725601132,8.532423208191126e-05
SEMI-INFORMED,3,11820,anon,0.04918165285916347,0.0009356101760186065,8.460236886632826e-05
SEMI-INFORMED,3,11920,anon,0.050151545766821584,0.0008122752573142765,8.389261744966443e-05
SEMI-INFORMED,3,12020,anon,0.04897959183673469,0.0014715814472445429,8.319467554076539e-05
SEMI-INFORMED,3,12120,anon,0.04897959183673469,0.0004883025246956796,8.250825082508251e-05
SEMI-INFORMED,3,12220,anon,0.04829258436047686,0.0015651579495685648,8.183306055646482e-05
SEMI-INFORMED,3,12320,anon,0.04837340876944837,0.0006713779642689891,8.116883116883117e-05
SEMI-INFORMED,3,12420,anon,0.048332996564962614,0.0006048344937197732,8.051529790660226e-05
SEMI-INFORMED,3,12520,anon,0.04837340876944837,0.00160940050529318,7.987220447284345e-05
SEMI-INFORMED,3,12620,anon,0.047484340270761774,0.0013584753537257326,7.92393026941363e-05
SEMI-INFORMED,3,12720,anon,0.04756516467973328,0.0008340985023459409,7.861635220125786e-05
SEMI-INFORMED,3,12820,anon,0.04732269145281875,0.0013119970160232713,7.800312012480499e-05
SEMI-INFORMED,3,12920,anon,0.046797332794503946,0.0006952778554894017,7.739938080495357e-05
SEMI-INFORMED,3,13020,anon,0.0468377449989897,0.0009162080459692573,7.680491551459293e-05
SEMI-INFORMED,3,13120,anon,0.04691856940796121,0.00045001126391837055,7.621951219512195e-05
SEMI-INFORMED,3,13220,anon,0.047726813497676296,0.0010646142551884825,7.5642965204236e-05
SEMI-INFORMED,3,13320,anon,0.04619114972721762,0.0012429627398852035,7.507507507507507e-05
SEMI-INFORMED,3,13420,anon,0.04598908870478884,0.0009356101760186076,7.451564828614009e-05
SEMI-INFORMED,3,13520,anon,0.047767225702162054,0.001568285141396828,7.396449704142012e-05
SEMI-INFORMED,3,13620,anon,0.04724186704384724,0.0010491618497269885,7.342143906020558e-05
SEMI-INFORMED,3,13720,anon,0.046433622954132156,0.0005015022689832642,7.28862973760933e-05
SEMI-INFORMED,3,13820,anon,0.04582743988684583,0.00015120862342994087,7.23589001447178e-05
SEMI-INFORMED,3,13920,anon,0.04627197413618913,0.0012455877961141599,7.183908045977011e-05
SEMI-INFORMED,3,14020,anon,0.045302081228531015,0.0007710157214927826,7.132667617689016e-05
SEMI-INFORMED,3,14120,anon,0.04615073752273187,0.0005511489875524693,7.082152974504249e-05
SEMI-INFORMED,3,14220,anon,0.045665791068902804,0.00121236613457264,7.032348804500703e-05
SEMI-INFORMED,3,14320,anon,0.045706203273388556,0.000738559987169005,6.983240223463687e-05
SEMI-INFORMED,3,14420,anon,0.044615073752273186,0.0008321382211345345,6.934812760055478e-05
SEMI-INFORMED,3,14520,anon,0.04530208122853102,0.0019937597710315636,6.887052341597796e-05
SEMI-INFORMED,3,14620,anon,0.044776722570216206,0.0006713779642689898,6.839945280437756e-05
SEMI-INFORMED,3,14720,anon,0.04481713477470196,0.0007385599871690067,6.793478260869565e-05
SEMI-INFORMED,3,14820,anon,0.04473631036573045,0.000793973841357384,6.747638326585695e-05
SEMI-INFORMED,3,14920,anon,0.04441301272984441,0.0007385599871690059,6.702412868632708e-05
SEMI-INFORMED,3,15020,anon,0.04360476864012931,0.0011947258435315794,6.657789613848202e-05
SEMI-INFORMED,3,15120,anon,0.04404930288947262,0.0008282037394188405,6.613756613756614e-05
SEMI-INFORMED,3,15220,anon,0.044493837138815925,0.0011740423557352142,6.570302233902759e-05
SEMI-INFORMED,3,15320,anon,0.04340270761770055,0.0009849309037748188,6.527415143603133e-05
SEMI-INFORMED,3,15420,anon,0.0447767225702162,0.0002740889061679222,6.485084306095979e-05
SEMI-INFORMED,3,15520,anon,0.044089715093958384,0.0006181878577804933,6.443298969072165e-05
SEMI-INFORMED,3,15620,anon,0.04408971509395838,0.0010491618497269885,6.402048655569782e-05
SEMI-INFORMED,3,15720,anon,0.04364518084461507,0.0012715403291616303,6.361323155216285e-05
SEMI-INFORMED,3,15820,anon,0.04303899777732876,0.0011213931643169611,6.321112515802781e-05
SEMI-INFORMED,3,15920,anon,0.04324105879975753,0.0005856284803471187,6.28140703517588e-05
SEMI-INFORMED,3,16020,anon,0.044130127298444136,0.000935610176018607,6.242197253433208e-05
SEMI-INFORMED,3,16120,anon,0.043443119822186294,0.0008380053082775406,6.203473945409429e-05
SEMI-INFORMED,3,16220,anon,0.042109517074156395,0.0011257537504291053,6.165228113440197e-05
SEMI-INFORMED,3,16320,anon,0.042796524550414224,0.0008705055255016375,6.127450980392157e-05
SEMI-INFORMED,3,16420,anon,0.04303899777732876,0.0008761157158488111,6.090133982947625e-05
SEMI-INFORMED,3,16520,anon,0.04303899777732875,0.0003833838343303756,6.053268765133172e-05
SEMI-INFORMED,3,16620,anon,0.04247322691452819,0.0009682076015931255,6.016847172081829e-05
SEMI-INFORMED,3,16720,anon,0.042715700141442714,0.0007069248609632612,5.980861244019139e-05
SEMI-INFORMED,3,16820,anon,0.04206910486967065,0.0010646142551884797,5.945303210463734e-05
SEMI-INFORMED,3,16920,anon,0.04259446352798545,0.0011387353245993451,5.9101654846335695e-05
SEMI-INFORMED,3,17020,anon,0.042473226914528185,0.0005911795853032044,5.8754406580493536e-05
SEMI-INFORMED,3,17120,anon,0.04243281471004244,0.0007341241513269312,5.841121495327103e-05
SEMI-INFORMED,3,17220,anon,0.042190341483127905,0.0009849309037748182,5.8072009291521487e-05
SEMI-INFORMED,3,17320,anon,0.04126086077995555,0.00046780508800930396,5.7736720554272516e-05
SEMI-INFORMED,3,17420,anon,0.041301272984441306,0.000536128476921462,5.74052812858783e-05
SEMI-INFORMED,3,17520,anon,0.04134168518892706,0.0005511489875524707,5.7077625570776254e-05
SEMI-INFORMED,3,17620,anon,0.04154374621135583,0.0010350574641233143,5.675368898978434e-05
SEMI-INFORMED,3,17720,anon,0.04130127298444129,0.0007069248609632623,5.64334085778781e-05
SEMI-INFORMED,3,17820,anon,0.04150333400687008,0.0014264993004423354,5.611672278338945e-05
SEMI-INFORMED,3,17920,anon,0.04154374621135583,0.0004352527627508182,5.580357142857143e-05
SEMI-INFORMED,3,18020,anon,0.041745807233784606,0.00016164881794301957,5.549389567147614e-05
SEMI-INFORMED,3,18120,anon,0.04089715093958375,0.0005657708628005659,5.518763796909492e-05
SEMI-INFORMED,3,18220,anon,0.04113962416649829,0.0009782758890208288,5.48847420417124e-05
SEMI-INFORMED,3,18320,anon,0.04105879975752678,0.0008021593550729113,5.458515283842795e-05
SEMI-INFORMED,3,18420,anon,0.04138209739341281,0.00023564162032108676,5.428881650380022e-05
SEMI-INFORMED,3,18520,anon,0.04097797534855526,0.0005015022689832629,5.3995680345572353e-05
SEMI-INFORMED,3,18620,anon,0.04037179228126894,0.0008122752573142751,5.3705692803437166e-05
SEMI-INFORMED,3,18720,anon,0.0404122044857547,0.0002213467599535924,5.341880341880342e-05
SEMI-INFORMED,3,18820,anon,0.04053344109921196,0.0007939738413573838,5.313496280552604e-05
SEMI-INFORMED,3,18920,anon,0.03992725803192564,0.0008142833574301843,5.285412262156448e-05
SEMI-INFORMED,3,19020,anon,0.040048494645382904,0.0006048344937197715,5.257623554153522e-05
SEMI-INFORMED,3,19120,anon,0.040048494645382904,0.0006048344937197714,5.230125523012552e-05
SEMI-INFORMED,3,19220,anon,0.04065467771266922,0.0008021593550729119,5.202913631633715e-05
SEMI-INFORMED,3,19320,anon,0.039886845827439885,0.0006075286473377619,5.175983436853002e-05
SEMI-INFORMED,3,19420,anon,0.04037179228126895,0.0005911795853032052,5.149330587023687e-05
SEMI-INFORMED,3,19520,anon,0.03964437260052536,0.00019797856074222462,5.122950819672131e-05
SEMI-INFORMED,3,19620,anon,0.039482723782582343,0.0005657708628005669,5.0968399592252805e-05
SEMI-INFORMED,3,19720,anon,0.039644372600525356,0.0007603510900071426,5.070993914807302e-05
SEMI-INFORMED,3,19820,anon,0.03924025055566781,0.00032329763588603795,5.0454086781029264e-05
SEMI-INFORMED,3,19920,anon,0.039280662760153566,0.0006208240652955031,5.020080321285141e-05
SEMI-INFORMED,3,20020,anon,0.039523135987068095,0.0005361284769214619,4.995004995004995e-05
SEMI-INFORMED,3,20120,anon,0.039361487169125076,0.0008321382211345322,4.970178926441352e-05
SEMI-INFORMED,3,20220,anon,0.03887654071529602,0.00027408890616792484,4.945598417408506e-05
SEMI-INFORMED,3,20320,anon,0.03875530410183876,0.0005330735889380855,4.921259842519685e-05
SEMI-INFORMED,3,20420,anon,0.03883612851081027,0.00015120862342994385,4.897159647404505e-05
SEMI-INFORMED,3,20520,anon,0.03891695291978177,0.0002740889061679249,4.8732943469785574e-05
SEMI-INFORMED,3,20620,anon,0.038916952919781776,0.00041606911056726696,4.8496605237633365e-05
SEMI-INFORMED,3,20720,anon,0.0382703576480097,0.0003283103012582728,4.826254826254826e-05
SEMI-INFORMED,3,20820,anon,0.03855324307940998,0.0004500112639183693,4.803073967339097e-05
SEMI-INFORMED,3,20920,anon,0.03855324307940998,0.0004678050880093036,4.780114722753346e-05
SEMI-INFORMED,3,21020,anon,0.03802788442109517,0.00023564162032108655,4.757373929590866e-05
SEMI-INFORMED,3,21120,anon,0.038634067488381496,0.00039181085935876436,4.734848484848485e-05
SEMI-INFORMED,3,21220,anon,0.03814912103455244,8.082440897150823e-05,4.7125353440150804e-05
SEMI-INFORMED,3,21320,anon,0.03810870883006669,9.898928037111104e-05,4.6904315196998124e-05
SEMI-INFORMED,3,21420,anon,0.03798747221660941,0.0002213467599535924,4.668534080298786e-05
SEMI-INFORMED,3,21520,anon,0.03814912103455244,0.00023564162032108581,4.646840148698885e-05
SEMI-INFORMED,3,21620,anon,0.03810870883006668,0.0003283103012582728,4.625346901017576e-05
SEMI-INFORMED,3,21720,anon,0.03786623560315215,0.00016164881794301957,4.604051565377532e-05
SEMI-INFORMED,3,21820,anon,0.03774499898969489,0.0002356416203210863,4.5829514207149406e-05
SEMI-INFORMED,3,21920,anon,0.03766417458072338,9.898928037111104e-05,4.562043795620438e-05
INFORMED,3,20,anon,0.9450798141038593,0.0014537163668300762,0.05
INFORMED,3,120,anon,0.8974742372196405,0.0018009521079132762,0.008333333333333333
INFORMED,3,220,anon,0.8733481511416448,0.0029348276670624757,0.004545454545454545
INFORMED,3,320,anon,0.8564154374621136,0.002987771329848373,0.003125
INFORMED,3,420,anon,0.8429177611638716,0.0022666888118618063,0.002380952380952381
INFORMED,3,520,anon,0.8339866639725196,0.0020230335034606937,0.0019230769230769232
INFORMED,3,620,anon,0.8240452616690241,0.002721155121363076,0.0016129032258064516
INFORMED,3,720,anon,0.8160436451808446,0.0022594723376026544,0.001388888888888889
INFORMED,3,820,anon,0.8109112952111538,0.0034466659220400812,0.0012195121951219512
INFORMED,3,920,anon,0.7989896948878561,0.0023158696757962184,0.0010869565217391304
INFORMED,3,1020,anon,0.7951505354617094,0.0020181840354308034,0.000980392156862745
INFORMED,3,1120,anon,0.7913113760355628,0.002006009075933072,0.0008928571428571428
INFORMED,3,1220,anon,0.7837138815922409,0.0025578084297347525,0.000819672131147541
INFORMED,3,1320,anon,0.7800363709840372,0.003777190202642265,0.0007575757575757576
INFORMED,3,1420,anon,0.7750656698322893,0.0047789033741263255,0.0007042253521126761
INFORMED,3,1520,anon,0.7703778541119418,0.0031004352845127228,0.0006578947368421052
INFORMED,3,1620,anon,0.7684784805011113,0.0020181840354308034,0.0006172839506172839
INFORMED,3,1720,anon,0.7627803596686199,0.004085432032685422,0.0005813953488372093
INFORMED,3,1820,anon,0.7599919175591028,0.0018668513982543502,0.0005494505494505495
INFORMED,3,1920,anon,0.7556273994746412,0.0038690333060905774,0.0005208333333333333
INFORMED,3,2020,anon,0.7532430794099818,0.0026108911384462685,0.0004950495049504951
INFORMED,3,2120,anon,0.7496868054152355,0.0029152861259844646,0.0004716981132075472
INFORMED,3,2220,anon,0.745483936148717,0.0035198078945914827,0.00045045045045045046
INFORMED,3,2320,anon,0.7419276621539705,0.0018536827546865521,0.0004310344827586207
INFORMED,3,2420,anon,0.7384118003637099,0.0033265897154587556,0.00041322314049586776
INFORMED,3,2520,anon,0.7367548999797939,0.0019855515856194513,0.0003968253968253968
INFORMED,3,2620,anon,0.7344514043241059,0.0034157278818533828,0.0003816793893129771
INFORMED,3,2720,anon,0.7321883208729036,0.003724944391773001,0.0003676470588235294
INFORMED,3,2820,anon,0.7276217417660134,0.002441512623478402,0.0003546099290780142
INFORMED,3,2920,anon,0.7279046271974137,0.00037476736696283476,0.00034246575342465754
INFORMED,3,3020,anon,0.7253182461103254,0.001919473362220706,0.00033112582781456954
INFORMED,3,3120,anon,0.7242271165892099,0.004196647398907966,0.0003205128205128205
INFORMED,3,3220,anon,0.7211153768438068,0.003019849131908574,0.00031055900621118014
INFORMED,3,3320,anon,0.7183673469387755,0.003203543533256233,0.00030120481927710846
INFORMED,3,3420,anon,0.7148110729440291,0.0018324160919385116,0.00029239766081871346
INFORMED,3,3520,anon,0.7156193170337442,0.0021934559297008527,0.0002840909090909091
INFORMED,3,3620,anon,0.7126692261062841,0.0017334904497496241,0.00027624309392265195
INFORMED,3,3720,anon,0.710729440290968,0.004122441036591361,0.00026881720430107527
INFORMED,3,3820,anon,0.7094362497474237,0.0016063533573935662,0.0002617801047120419
INFORMED,3,3920,anon,0.7053142048898767,0.0005047482722487979,0.00025510204081632655
INFORMED,3,4020,anon,0.7044655485956759,0.002047108529709239,0.0002487562189054726
INFORMED,3,4120,anon,0.7005859769650435,0.002678814050382136,0.00024271844660194174
INFORMED,3,4220,anon,0.7009092746009294,0.0022259752441172627,0.00023696682464454977
INFORMED,3,4320,anon,0.7012729844413012,0.0024368257719428305,0.0002314814814814815
INFORMED,3,4420,anon,0.6969892907658113,0.0022810532700214222,0.00022624434389140272
INFORMED,3,4520,anon,0.6951303293594665,0.003195887479453229,0.00022123893805309734
INFORMED,3,4620,anon,0.6948474439280663,0.0014080623471557396,0.00021645021645021645
INFORMED,3,4720,anon,0.6940391998383512,0.0031443707680625446,0.000211864406779661
INFORMED,3,4820,anon,0.6908870478884623,0.002340421456548017,0.0002074688796680498
INFORMED,3,4920,anon,0.6900788037987472,0.0033285528845381322,0.0002032520325203252
INFORMED,3,5020,anon,0.6883410790058597,0.001644533437007554,0.00019920318725099602
INFORMED,3,5120,anon,0.6881794301879168,0.0028242319999443924,0.0001953125
INFORMED,3,5220,anon,0.6862800565770864,0.0032496036359627666,0.00019157088122605365
INFORMED,3,5320,anon,0.6841786219438271,0.0032905561504663547,0.00018796992481203009
INFORMED,3,5420,anon,0.6836936754899978,0.0023757427289067146,0.00018450184501845018
INFORMED,3,5520,anon,0.6840977975348556,0.0024368257719428197,0.00018115942028985507
INFORMED,3,5620,anon,0.6814710042432814,0.002082699329436245,0.00017793594306049823
INFORMED,3,5720,anon,0.6783592644978784,0.0027480299050313397,0.00017482517482517483
INFORMED,3,5820,anon,0.6758537078197616,0.0023508651561525984,0.0001718213058419244
INFORMED,3,5920,anon,0.6751667003435037,0.001594106520373093,0.00016891891891891893
INFORMED,3,6020,anon,0.6768640129319055,0.0032465868285948643,0.00016611295681063124
INFORMED,3,6120,anon,0.6759749444332188,0.003360779613868148,0.0001633986928104575
INFORMED,3,6220,anon,0.6737522731865024,0.004110539055146963,0.0001607717041800643
INFORMED,3,6320,anon,0.66853909880784,0.0015992207668142596,0.00015822784810126583
INFORMED,3,6420,anon,0.6698322893513842,0.0017193006576021672,0.00015576323987538941
INFORMED,3,6520,anon,0.6687815720347545,0.0028357736581691635,0.00015337423312883436
INFORMED,3,6620,anon,0.6687411598302687,0.0011037785640531626,0.00015105740181268882
INFORMED,3,6720,anon,0.6672459082642959,0.0022551313684871597,0.00014880952380952382
INFORMED,3,6820,anon,0.6646595271772076,0.002109966050871943,0.0001466275659824047
INFORMED,3,6920,anon,0.6644978783592645,0.0015260624440088207,0.00014450867052023122
INFORMED,3,7020,anon,0.6623156193170338,0.0021815105397075246,0.00014245014245014244
INFORMED,3,7120,anon,0.6626389169529198,0.0026052554392864908,0.0001404494382022472
INFORMED,3,7220,anon,0.6588401697312589,0.0037271359224631596,0.00013850415512465375
INFORMED,3,7320,anon,0.6597696504344313,0.00205029717421149,0.0001366120218579235
INFORMED,3,7420,anon,0.6579106890280865,0.0018072887270153821,0.00013477088948787063
INFORMED,3,7520,anon,0.6565366740755708,0.0024859254797704234,0.00013297872340425532
INFORMED,3,7620,anon,0.6577894524146293,0.001385849925195557,0.00013123359580052493
INFORMED,3,7720,anon,0.6550010103051122,0.0028074123148851752,0.00012953367875647668
INFORMED,3,7820,anon,0.6551626591230552,0.002963071776896077,0.0001278772378516624
INFORMED,3,7920,anon,0.653384522125682,0.003977267250860247,0.00012626262626262626
INFORMED,3,8020,anon,0.6545968882602546,0.0015992207668142383,0.00012468827930174563
INFORMED,3,8120,anon,0.653707819761568,0.0008418939848858219,0.0001231527093596059
INFORMED,3,8220,anon,0.6506769044251364,0.0028558593241551347,0.00012165450121654502
INFORMED,3,8320,anon,0.6520105071731662,0.002721155121363086,0.0001201923076923077
INFORMED,3,8420,anon,0.6486562942008487,0.002429442451434914,0.00011876484560570071
INFORMED,3,8520,anon,0.6486967064053344,0.0018324160919385118,0.00011737089201877934
INFORMED,3,8620,anon,0.6483734087694484,0.0036177388268070353,0.0001160092807424594
INFORMED,3,8720,anon,0.6465548595675894,0.002585749569294226,0.00011467889908256881
INFORMED,3,8820,anon,0.6452212568195594,0.003301456983713905,0.00011337868480725624
INFORMED,3,8920,anon,0.6439684784805011,0.0022245074066717073,0.00011210762331838565
INFORMED,3,9020,anon,0.6430794099818146,0.002018993088995244,0.00011086474501108647
INFORMED,3,9120,anon,0.643321883208729,0.0018315246221256183,0.00010964912280701755
INFORMED,3,9220,anon,0.6422307536876136,0.0013317645628033012,0.00010845986984815618
INFORMED,3,9320,anon,0.6419882804606992,0.0008222667185037655,0.00010729613733905579
INFORMED,3,9420,anon,0.6419882804606992,0.0016681970046918597,0.00010615711252653928
INFORMED,3,9520,anon,0.6417458072337846,0.001528201285204193,0.0001050420168067227
INFORMED,3,9620,anon,0.6396847848050111,0.003062807891937187,0.00010395010395010396
INFORMED,3,9720,anon,0.640210143463326,0.0008534537111312533,0.00010288065843621399
INFORMED,3,9820,anon,0.6372600525358658,0.001956551778041657,0.00010183299389002037
INFORMED,3,9920,anon,0.6360072741968075,0.0028933558003101864,0.00010080645161290323
INFORMED,3,10020,anon,0.6373812891493231,0.0012944528088945236,9.98003992015968e-05
INFORMED,3,10120,anon,0.6343907860173772,0.0019109461172013762,9.881422924901186e-05
INFORMED,3,10220,anon,0.6339462517680339,0.0030819439830167914,9.784735812133073e-05
INFORMED,3,10320,anon,0.6337441907456052,0.0016245505146285815,9.689922480620155e-05
INFORMED,3,10420,anon,0.6317639927258032,0.002952027863042993,9.596928982725528e-05
INFORMED,3,10520,anon,0.6321681147706608,0.002651853661996021,9.505703422053231e-05
INFORMED,3,10620,anon,0.6341079005859769,0.001993759771031581,9.416195856873823e-05
INFORMED,3,10720,anon,0.6324105879975752,0.0020779891100719213,9.328358208955224e-05
INFORMED,3,10820,anon,0.6297433825015155,0.002876372543830956,9.242144177449168e-05
INFORMED,3,10920,anon,0.6295817336835723,0.003678176683122327,9.157509157509158e-05
INFORMED,3,11020,anon,0.6286926651848858,0.0010271380098718045,9.074410163339382e-05
INFORMED,3,11120,anon,0.6286522529804002,0.002262361689598459,8.992805755395684e-05
INFORMED,3,11220,anon,0.6253384522125682,0.0018624721958865186,8.9126559714795e-05
INFORMED,3,11320,anon,0.6269145281875127,0.0021060924179907704,8.833922261484099e-05
INFORMED,3,11420,anon,0.6251768033946251,0.0016857267015246786,8.756567425569177e-05
INFORMED,3,11520,anon,0.626510406142655,0.0009090500609579286,8.680555555555556e-05
INFORMED,3,11620,anon,0.6246918569407962,0.0016642764422690817,8.605851979345956e-05
INFORMED,3,11720,anon,0.6255001010305112,0.002496414663403604,8.532423208191126e-05
INFORMED,3,11820,anon,0.6239240250555668,0.0018136032064915448,8.460236886632826e-05
INFORMED,3,11920,anon,0.6258638108708829,0.0026146415226707197,8.389261744966443e-05
INFORMED,3,12020,anon,0.6216205293998788,0.001132984099323182,8.319467554076539e-05
INFORMED,3,12120,anon,0.6217821782178218,0.003206091488429773,8.250825082508251e-05
INFORMED,3,12220,anon,0.621580117195393,0.003038718318384711,8.183306055646482e-05
INFORMED,3,12320,anon,0.6206102242877348,0.0016982745111699825,8.116883116883117e-05
INFORMED,3,12420,anon,0.6195190947666195,0.003088296330497921,8.051529790660226e-05
INFORMED,3,12520,anon,0.6174984845423318,0.0027734669528023657,7.987220447284345e-05
INFORMED,3,12620,anon,0.6181046676096182,0.0017097753729081544,7.92393026941363e-05
INFORMED,3,12720,anon,0.617943018791675,0.001384670979916066,7.861635220125786e-05
INFORMED,3,12820,anon,0.6160032329763588,0.002244969797911695,7.800312012480499e-05
INFORMED,3,12920,anon,0.6156799353404729,0.00040412204485755775,7.739938080495357e-05
INFORMED,3,13020,anon,0.614669630228329,0.002345997215388964,7.680491551459293e-05
INFORMED,3,13120,anon,0.6146292180238432,0.001603300418256404,7.621951219512195e-05
INFORMED,3,13220,anon,0.6152354010911296,0.0030062986321919114,7.5642965204236e-05
INFORMED,3,13320,anon,0.6137401495251567,0.002035106617419954,7.507507507507507e-05
INFORMED,3,13420,anon,0.6124065467771267,0.0024294424514348894,7.451564828614009e-05
INFORMED,3,13520,anon,0.6105879975752677,0.0020542760197436107,7.396449704142012e-05
INFORMED,3,13620,anon,0.6124873711860983,0.0034037537586171845,7.342143906020558e-05
INFORMED,3,13720,anon,0.610547585370782,0.002266688811861788,7.28862973760933e-05
INFORMED,3,13820,anon,0.6122044857546979,0.0029348276670624965,7.23589001447178e-05
INFORMED,3,13920,anon,0.6111537684380683,0.003501199210715769,7.183908045977011e-05
INFORMED,3,14020,anon,0.6101030511214386,0.002688550798703571,7.132667617689016e-05
INFORMED,3,14120,anon,0.6107900585976964,0.0023647183412127985,7.082152974504249e-05
INFORMED,3,14220,anon,0.608082440897151,0.0036675049681272128,7.032348804500703e-05
INFORMED,3,14320,anon,0.6092948070317237,0.0020787748877933694,6.983240223463687e-05
INFORMED,3,14420,anon,0.6067488381491211,0.002287487847740559,6.934812760055478e-05
INFORMED,3,14520,anon,0.6082036775106082,0.001164264319328166,6.887052341597796e-05
INFORMED,3,14620,anon,0.6071933723984644,0.0012843199500562278,6.839945280437756e-05
INFORMED,3,14720,anon,0.6057385330369771,0.0016083854307643738,6.793478260869565e-05
INFORMED,3,14820,anon,0.6043645180844615,0.0018911875460574015,6.747638326585695e-05
INFORMED,3,14920,anon,0.6043645180844616,0.0032050725494279083,6.702412868632708e-05
INFORMED,3,15020,anon,0.6037583350171751,0.0019839058732889193,6.657789613848202e-05
INFORMED,3,15120,anon,0.6038391594261467,0.0016245505146285466,6.613756613756614e-05
INFORMED,3,15220,anon,0.6037179228126893,0.0015088425704258982,6.570302233902759e-05
INFORMED,3,15320,anon,0.6042028692665184,0.0011600485022758061,6.527415143603133e-05
INFORMED,3,15420,anon,0.6025055566781168,0.0014424383348211384,6.485084306095979e-05
INFORMED,3,15520,anon,0.6009294807031724,0.001816302691795851,6.443298969072165e-05
INFORMED,3,15620,anon,0.5999595877955143,0.001519627858311812,6.402048655569782e-05
INFORMED,3,15720,anon,0.6008486562942008,0.002627104136293369,6.361323155216285e-05
INFORMED,3,15820,anon,0.6009698929076581,0.0013243863090057519,6.321112515802781e-05
INFORMED,3,15920,anon,0.6004849464538291,0.001768005080155807,6.28140703517588e-05
INFORMED,3,16020,anon,0.5989896948878561,0.0015153229548799773,6.242197253433208e-05
INFORMED,3,16120,anon,0.599515053546171,0.0022860595067659573,6.203473945409429e-05
INFORMED,3,16220,anon,0.5999191755910285,0.0014570827542792427,6.165228113440197e-05
INFORMED,3,16320,anon,0.5981410385936552,0.00045001126391840145,6.127450980392157e-05
INFORMED,3,16420,anon,0.597211557890483,0.002789905935598008,6.090133982947625e-05
INFORMED,3,16520,anon,0.5971307334815115,0.0016730847884004472,6.053268765133172e-05
INFORMED,3,16620,anon,0.5976965043443121,0.0006640402798607983,6.016847172081829e-05
INFORMED,3,16720,anon,0.5966053748231965,0.0016593627130852989,5.980861244019139e-05
INFORMED,3,16820,anon,0.5969286724590827,0.00146490757408704,5.945303210463734e-05
INFORMED,3,16920,anon,0.596888260254597,0.001178208101605425,5.9101654846335695e-05
INFORMED,3,17020,anon,0.5953525964841382,0.0017268830567162285,5.8754406580493536e-05
INFORMED,3,17120,anon,0.5934936350777934,0.001964881112328657,5.841121495327103e-05
INFORMED,3,17220,anon,0.5950697110527379,0.0015755577845720777,5.8072009291521487e-05
INFORMED,3,17320,anon,0.5936956961002223,0.0010255467803960004,5.7736720554272516e-05
INFORMED,3,17420,anon,0.5938169327136795,0.0011458837647005862,5.74052812858783e-05
INFORMED,3,17520,anon,0.5923620933521925,0.001609400505293187,5.7077625570776254e-05
INFORMED,3,17620,anon,0.5923216811477066,0.0013799451266085052,5.675368898978434e-05
INFORMED,3,17720,anon,0.590624368559305,0.0011988197190698233,5.64334085778781e-05
INFORMED,3,17820,anon,0.5918367346938775,0.001522848549720461,5.611672278338945e-05
INFORMED,3,17920,anon,0.5911901394221054,0.0026233715687399447,5.580357142857143e-05
INFORMED,3,18020,anon,0.5919579713073349,0.0014435701030100349,5.549389567147614e-05
INFORMED,3,18120,anon,0.5900585976965044,0.0018045757576695277,5.518763796909492e-05
INFORMED,3,18220,anon,0.5903414831279046,0.0014034152640278882,5.48847420417124e-05
INFORMED,3,18320,anon,0.5886845827439887,0.0003024172468598966,5.458515283842795e-05
INFORMED,3,18420,anon,0.5883208729036169,0.0013740149525156714,5.428881650380022e-05
INFORMED,3,18520,anon,0.5871893311780159,0.0006128814260700607,5.3995680345572353e-05
INFORMED,3,18620,anon,0.5891291169933319,0.0018545635733415002,5.3705692803437166e-05
INFORMED,3,18720,anon,0.5877551020408164,0.0014138497219265116,5.341880341880342e-05
INFORMED,3,18820,anon,0.5867852091331581,0.0005269106813661368,5.313496280552604e-05
INFORMED,3,18920,anon,0.5866639725197009,0.001957386306455812,5.285412262156448e-05
INFORMED,3,19020,anon,0.5871085067690442,0.0013620771506448195,5.257623554153522e-05
INFORMED,3,19120,anon,0.5850878965447566,0.0011960920256172184,5.230125523012552e-05
INFORMED,3,19220,anon,0.5843200646595272,0.0013305376951428221,5.202913631633715e-05
INFORMED,3,19320,anon,0.5845221256819559,0.001330537695142821,5.175983436853002e-05
INFORMED,3,19420,anon,0.584845423317842,0.001337882025237167,5.149330587023687e-05
INFORMED,3,19520,anon,0.5842392402505556,0.0006338406603903156,5.122950819672131e-05
INFORMED,3,19620,anon,0.5846029500909274,0.0015303371370993157,5.0968399592252805e-05
INFORMED,3,19720,anon,0.5843200646595272,0.0011740423557352268,5.070993914807302e-05
INFORMED,3,19820,anon,0.5837542937967266,0.0013584753537257503,5.0454086781029264e-05
INFORMED,3,19920,anon,0.5823398666397253,0.0016662378765882739,5.020080321285141e-05
INFORMED,3,20020,anon,0.5822994544352393,0.0012994896092797276,4.995004995004995e-05
INFORMED,3,20120,anon,0.5818549201858961,0.0006834323914038107,4.970178926441352e-05
INFORMED,3,20220,anon,0.5820569812083249,0.0008041927153821642,4.945598417408506e-05
INFORMED,3,20320,anon,0.5801171953930087,0.0005994098595348966,4.921259842519685e-05
INFORMED,3,20420,anon,0.5817740957769246,0.00026806423846073926,4.897159647404505e-05
INFORMED,3,20520,anon,0.5801171953930087,0.0006640402798607578,4.8732943469785574e-05
INFORMED,3,20620,anon,0.5799555465750658,0.000993186965241034,4.8496605237633365e-05
INFORMED,3,20720,anon,0.5798343099616083,0.001368059072928747,4.826254826254826e-05
INFORMED,3,20820,anon,0.579228126894322,0.0011329840993231867,4.803073967339097e-05
INFORMED,3,20920,anon,0.5791473024853506,0.0008321382211345352,4.780114722753346e-05
INFORMED,3,21020,anon,0.578743180440493,0.0005772017319493096,4.757373929590866e-05
INFORMED,3,21120,anon,0.5778136997373207,0.0008438316030640701,4.734848484848485e-05
INFORMED,3,21220,anon,0.5773287532834915,0.0004121252385203111,4.7125353440150804e-05
INFORMED,3,21320,anon,0.5771266922610628,0.001049161849726986,4.6904315196998124e-05
INFORMED,3,21420,anon,0.5771266922610628,0.0004678050880092823,4.668534080298786e-05
INFORMED,3,21520,anon,0.5764800969892907,0.00028575743834575323,4.646840148698885e-05
INFORMED,3,21620,anon,0.5763588603758335,0.00047128324064216924,4.625346901017576e-05
INFORMED,3,21720,anon,0.5759951505354617,0.0003959571214844441,4.604051565377532e-05
INFORMED,3,21820,anon,0.5759951505354617,0.0005206748323590794,4.5829514207149406e-05
INFORMED,3,21920,anon,0.5751869064457467,9.898928037113143e-05,4.562043795620438e-05
original,30,20,orig,0.943827035764801,0.0016012618917889646,0.05
original,30,120,orig,0.9257627803596687,0.0013975846810095368,0.008333333333333333
original,30,220,orig,0.9189331178015762,0.000791914242968902,0.004545454545454545
original,30,320,orig,0.9158617902606588,0.0008629685392629967,0.003125
original,30,420,orig,0.9128308749242271,0.001066147177876159,0.002380952380952381
original,30,520,orig,0.9105677914730249,0.0008629685392630028,0.0019230769230769232
original,30,620,orig,0.9092746009294806,0.0006640402798607579,0.0016129032258064516
original,30,720,orig,0.9073752273186504,0.0011257537504290854,0.001388888888888889
original,30,820,orig,0.9056375025257628,0.0007229154908061326,0.0012195121951219512
original,30,920,orig,0.9042230753687613,0.0014737993557333196,0.0010869565217391304
original,30,1020,orig,0.9034148312790462,0.0007980770926705057,0.000980392156862745
original,30,1120,orig,0.9020408163265307,0.0014310714253082475,0.0008928571428571428
original,30,1220,orig,0.9005859769650435,0.001239014727561569,0.000819672131147541
original,30,1320,orig,0.8998181450798141,0.001567243437435063,0.0007575757575757576
original,30,1420,orig,0.8998585572842999,0.001242962739885212,0.0007042253521126761
original,30,1520,orig,0.8979591836734693,0.0010460439770090698,0.0006578947368421052
original,30,1620,orig,0.8970701151747826,0.0007624959492468464,0.0006172839506172839
original,30,1720,orig,0.896059810062639,0.0009948299555539442,0.0005813953488372093
original,30,1820,orig,0.8953728025863811,0.0006181878577805019,0.0005494505494505495
original,30,1920,orig,0.8962618710850677,0.0006465952717720366,0.0005208333333333333
original,30,2020,orig,0.8936350777934935,0.001168464925827514,0.0004950495049504951
original,30,2120,orig,0.8945645584966659,0.0010013749600617473,0.0004716981132075472
original,30,2220,orig,0.8926651848858356,0.000832138221134547,0.00045045045045045046
original,30,2320,orig,0.8915740553647202,0.0007517104561623762,0.0004310344827586207
original,30,2420,orig,0.892261062840978,0.001633573079927888,0.00041322314049586776
original,30,2520,orig,0.8913719943422913,0.0010271380098718045,0.0003968253968253968
original,30,2620,orig,0.8912103455243484,0.0011614554748999696,0.0003816793893129771
original,30,2720,orig,0.8906445746615479,0.0012994896092797172,0.0003676470588235294
original,30,2820,orig,0.8918165285916346,0.0018501552866857453,0.0003546099290780142
original,30,2920,orig,0.8902000404122046,0.00037476736696283476,0.00034246575342465754
original,30,3020,orig,0.8905637502525764,0.001161455474899975,0.00033112582781456954
original,30,3120,orig,0.8882602545968883,0.000777344274062288,0.0003205128205128205
original,30,3220,orig,0.888462315619317,0.001358475353725724,0.00031055900621118014
original,30,3320,orig,0.8883814912103455,0.0013194445518136637,0.00030120481927710846
original,30,3420,orig,0.8866437664174581,0.0009390947697411428,0.00029239766081871346
original,30,3520,orig,0.8878561325520307,0.0010538213627322905,0.0002840909090909091
original,30,3620,orig,0.8864012931905435,0.0008982061333963748,0.00027624309392265195
original,30,3720,orig,0.8861184077591432,0.001362077150644789,0.00026881720430107527
original,30,3820,orig,0.885997171145686,0.0012350540949635277,0.0002617801047120419
original,30,3920,orig,0.8862800565770863,0.0005628768752145798,0.00025510204081632655
original,30,4020,orig,0.8844615073752273,0.0011878713644533597,0.0002487562189054726
original,30,4120,orig,0.8846635683976561,0.0009682076015931491,0.00024271844660194174
original,30,4220,orig,0.8848656294200848,0.0011670664035719233,0.00023696682464454977
original,30,4320,orig,0.8837340876944838,0.0009356101760185818,0.0002314814814814815
original,30,4420,orig,0.8837340876944838,0.0020550708644318147,0.00022624434389140272
original,30,4520,orig,0.883370377854112,0.0023819215240721194,0.00022123893805309734
original,30,4620,orig,0.8824004849464538,0.0013342149136568238,0.00021645021645021645
original,30,4720,orig,0.8815922408567388,0.0007229154908061822,0.000211864406779661
original,30,4820,orig,0.8830066680137401,0.0012455877961141605,0.0002074688796680498
original,30,4920,orig,0.8825217215599113,0.000862968539262979,0.0002032520325203252
original,30,5020,orig,0.8821984239240251,0.001601261891788945,0.00019920318725099602
original,30,5120,orig,0.8805415235401091,0.000976605049391361,0.0001953125
original,30,5220,orig,0.881713477470196,0.0015578367563060425,0.00019157088122605365
original,30,5320,orig,0.8809456455849667,0.001459322698344532,0.00018796992481203009
original,30,5420,orig,0.8806627601535665,0.0006208240652955161,0.00018450184501845018
original,30,5520,orig,0.8790462719741361,0.0005511489875524627,0.00018115942028985507
original,30,5620,orig,0.8790866841786219,0.001910946117201376,0.00017793594306049823
original,30,5720,orig,0.8800969892907657,0.001073778965899113,0.00017482517482517483
original,30,5820,orig,0.8797736916548796,0.0006762255215470438,0.0001718213058419244
original,30,5920,orig,0.8788846231561932,0.0011960920256171785,0.00016891891891891893
original,30,6020,orig,0.8799353404728227,0.002113059844397095,0.00016611295681063124
original,30,6120,orig,0.8783188522933927,0.0011878713644533536,0.0001633986928104575
original,30,6220,orig,0.8784400889068499,0.0009268413773432761,0.0001607717041800643
original,30,6320,orig,0.8790866841786219,0.0010584603640096126,0.00015822784810126583
original,30,6420,orig,0.878601737724793,0.0010646142551884808,0.00015576323987538941
original,30,6520,orig,0.8769448373408769,0.0007877788922860374,0.00015337423312883436
original,30,6620,orig,0.8770660739543341,0.0017126385209470468,0.00015105740181268882
original,30,6720,orig,0.8774701959991917,0.0009698929076581106,0.00014880952380952382
original,30,6820,orig,0.8775914326126489,0.0010013749600617553,0.0001466275659824047
original,30,6920,orig,0.8756920590018187,0.0020502971742114686,0.00014450867052023122
original,30,7020,orig,0.876257829864619,0.0009614368359968128,0.00014245014245014244
original,30,7120,orig,0.8762174176601334,0.0006208240652955335,0.0001404494382022472
original,30,7220,orig,0.8755708223883613,0.0006566206025165593,0.00013850415512465375
original,30,7320,orig,0.8750050515255607,0.001588975813403714,0.0001366120218579235
original,30,7420,orig,0.8738735097999596,0.0017680050801557848,0.00013477088948787063
original,30,7520,orig,0.8745605172762174,0.0013728258437230246,0.00013297872340425532
original,30,7620,orig,0.8760961810466761,0.0014537163668300556,0.00013123359580052493
original,30,7720,orig,0.8742776318448172,0.0007495347339256792,0.00012953367875647668
original,30,7820,orig,0.8728227924833301,0.001118476662202284,0.0001278772378516624
original,30,7920,orig,0.8740351586179026,0.0017781369973732153,0.00012626262626262626
original,30,8020,orig,0.8729440290967873,0.0016583782201400631,0.00012468827930174563
original,30,8120,orig,0.8739947464134168,0.0013378820252371668,0.0001231527093596059
original,30,8220,orig,0.872984441301273,0.0007517104561623857,0.00012165450121654502
original,30,8320,orig,0.8728227924833301,0.0007836217187175029,0.0001201923076923077
original,30,8420,orig,0.8736714487775308,0.0027539664639160554,0.00011876484560570071
original,30,8520,orig,0.8714487775308143,0.0006048344937197606,0.00011737089201877934
original,30,8620,orig,0.8731865023237019,0.0012753876611888819,0.0001160092807424594
original,30,8720,orig,0.8725399070519296,0.000870505525501634,0.00011467889908256881
original,30,8820,orig,0.8719741361891291,0.001147308108028188,0.00011337868480725624
original,30,8920,orig,0.8711658920994141,0.0007517104561624191,0.00011210762331838565
original,30,9020,orig,0.8727015558698726,0.0010768165362274604,0.00011086474501108647
original,30,9120,orig,0.8708830066680138,0.0009036443635076887,0.00010964912280701755
original,30,9220,orig,0.8709234188724995,0.00105691629263466,0.00010845986984815618
original,30,9320,orig,0.870357648009699,0.0016934594334012663,0.00010729613733905579
original,30,9420,orig,0.8710850676904425,0.0016012618917889841,0.00010615711252653928
original,30,9520,orig,0.871004243281471,0.0010584603640095998,0.0001050420168067227
original,30,9620,orig,0.8712063043038997,0.0012817742192082187,0.00010395010395010396
original,30,9720,orig,0.8706405334410992,0.0011096811653057966,0.00010288065843621399
original,30,9820,orig,0.8701555869872701,0.0008242504770406658,0.00010183299389002037
original,30,9920,orig,0.8702768236007273,0.0006881950440867618,0.00010080645161290323
original,30,10020,orig,0.8687007476257831,0.00043148426963149524,9.98003992015968e-05
original,30,10120,orig,0.8686603354212974,0.00071153028335657,9.881422924901186e-05
original,30,10220,orig,0.8698322893513841,0.001180977102137982,9.784735812133073e-05
original,30,10320,orig,0.8690644574661548,0.0011140875936221355,9.689922480620155e-05
original,30,10420,orig,0.8689432208526975,0.0011184766622023073,9.596928982725528e-05
original,30,10520,orig,0.8688623964437261,0.0009648281581178622,9.505703422053231e-05
original,30,10620,orig,0.8693877551020408,0.0010429167832341022,9.416195856873823e-05
original,30,10720,orig,0.8675287936956961,0.0005800242511379008,9.328358208955224e-05
original,30,10820,orig,0.8682158011719541,0.00043148426963148895,9.242144177449168e-05
original,30,10920,orig,0.8676096181046675,0.0010013749600617267,9.157509157509158e-05
original,30,11020,orig,0.8673671448777529,0.0014771199743380211,9.074410163339382e-05
original,30,11120,orig,0.8674075570822388,0.0015879476827147573,8.992805755395684e-05
original,30,11220,orig,0.8682562133764395,0.0004949464018555755,8.9126559714795e-05
original,30,11320,orig,0.8668821984239241,0.000704610861756408,8.833922261484099e-05
original,30,11420,orig,0.8681349767629826,0.001011113033194315,8.756567425569177e-05
original,30,11520,orig,0.8667609618104668,0.0016789313459560278,8.680555555555556e-05
original,30,11620,orig,0.8673671448777531,0.0014548393614871949,8.605851979345956e-05
original,30,11720,orig,0.8661951909476663,0.0013548639817531063,8.532423208191126e-05
original,30,11820,orig,0.8659527177207516,0.0018368669512812276,8.460236886632826e-05
original,30,11920,orig,0.8662760153566378,0.001348823541586463,8.389261744966443e-05
original,30,12020,orig,0.8659527177207517,0.0013317645628033328,8.319467554076539e-05
original,30,12120,orig,0.8661951909476662,0.0005175287320616761,8.250825082508251e-05
original,30,12220,orig,0.8661547787431806,0.0015207021800142902,8.183306055646482e-05
original,30,12320,orig,0.8658718933117802,0.0015620244970772075,8.116883116883117e-05
original,30,12420,orig,0.8649424126086078,0.0011614554748999696,8.051529790660226e-05
original,30,12520,orig,0.8652657102444937,0.0008798359691685882,7.987220447284345e-05
original,30,12620,orig,0.8648615881996362,0.0011170155555534586,7.92393026941363e-05
original,30,12720,orig,0.8651848858355222,0.0013668647828076477,7.861635220125786e-05
original,30,12820,orig,0.8648211759951504,0.0009477502040459515,7.800312012480499e-05
original,30,12920,orig,0.8649424126086078,0.0014207634537277637,7.739938080495357e-05
original,30,13020,orig,0.8651444736310365,0.0011823591706063893,7.680491551459293e-05
original,30,13120,orig,0.8642149929278643,0.0012257628521400628,7.621951219512195e-05
original,30,13220,orig,0.8645382905637504,0.000580024251137907,7.5642965204236e-05
original,30,13320,orig,0.8626793291574055,0.0007517104561623845,7.507507507507507e-05
original,30,13420,orig,0.8638108708830068,0.0011712569606942462,7.451564828614009e-05
original,30,13520,orig,0.8634471610426349,0.001180977102138027,7.396449704142012e-05
original,30,13620,orig,0.8636492220650638,0.0018270607485079394,7.342143906020558e-05
original,30,13720,orig,0.8643766417458073,0.0011387353245993475,7.28862973760933e-05
original,30,13820,orig,0.8628409779753486,0.0018359776426107078,7.23589001447178e-05
original,30,13920,orig,0.8627197413618912,0.0007939738413574108,7.183908045977011e-05
original,30,14020,orig,0.8627601535663771,0.000993186965241024,7.132667617689016e-05
original,30,14120,orig,0.8614265508183472,0.0007603510900071292,7.082152974504249e-05
original,30,14220,orig,0.8627601535663771,0.0006566206025165266,7.032348804500703e-05
original,30,14320,orig,0.8622347949080623,0.0007815348395964521,6.983240223463687e-05
original,30,14420,orig,0.8627601535663771,0.000791914242968902,6.934812760055478e-05
original,30,14520,orig,0.8621539704990908,0.0011600485022758194,6.887052341597796e-05
original,30,14620,orig,0.8617498484542331,0.0004849464538290623,6.839945280437756e-05
original,30,14720,orig,0.861951909476662,0.0007385599871690215,6.793478260869565e-05
original,30,14820,orig,0.8613457264093757,0.0010334784281709045,6.747638326585695e-05
original,30,14920,orig,0.8616286118407759,0.0007385599871689984,6.702412868632708e-05
original,30,15020,orig,0.8604970701151748,0.00032831030125828373,6.657789613848202e-05
original,30,15120,orig,0.8615881996362902,0.0014737993557333347,6.613756613756614e-05
original,30,15220,orig,0.8621135582946049,0.0010350574641233106,6.570302233902759e-05
original,30,15320,orig,0.8607395433420892,0.001348823541586463,6.527415143603133e-05
original,30,15420,orig,0.8608607799555467,0.0009356101760185971,6.485084306095979e-05
original,30,15520,orig,0.8615073752273187,0.0011473081080281538,6.443298969072165e-05
original,30,15620,orig,0.8603758335017175,0.0009732547649054301,6.402048655569782e-05
original,30,15720,orig,0.8598100626389169,0.0010094965444976173,6.361323155216285e-05
original,30,15820,orig,0.8592442917761165,0.0004160691105672811,6.321112515802781e-05
original,30,15920,orig,0.85997171145686,0.0012651021089107768,6.28140703517588e-05
original,30,16020,orig,0.8600929480703172,0.0007624959492468298,6.242197253433208e-05
original,30,16120,orig,0.8598504748434026,0.0008629685392629779,6.203473945409429e-05
original,30,16220,orig,0.8596080016164883,0.000951190324990077,6.165228113440197e-05
original,30,16320,orig,0.8591230551626591,0.00046780508800932635,6.127450980392157e-05
original,30,16420,orig,0.8582743988684582,0.0003959571214844441,6.090133982947625e-05
original,30,16520,orig,0.8595271772075167,0.0013366607725634368,6.053268765133172e-05
original,30,16620,orig,0.8593655283895737,0.0009477502040459468,6.016847172081829e-05
original,30,16720,orig,0.8589209941402304,0.0007161060879639962,5.980861244019139e-05
original,30,16820,orig,0.8590018185492019,0.0006048344937198051,5.945303210463734e-05
original,30,16920,orig,0.8585168720953729,0.0008418939848858284,5.9101654846335695e-05
original,30,17020,orig,0.8575469791877147,0.0005269106813661368,5.8754406580493536e-05
original,30,17120,orig,0.8581935744594867,0.0006440645564966494,5.841121495327103e-05
original,30,17220,orig,0.8577490402101435,0.0007229154908061636,5.8072009291521487e-05
original,30,17320,orig,0.8588805819357447,0.0011184766622023064,5.7736720554272516e-05
original,30,17420,orig,0.857991513437058,0.0005330735889380796,5.74052812858783e-05
original,30,17520,orig,0.8576278035966862,0.0008816902093057963,5.7077625570776254e-05
original,30,17620,orig,0.8575873913922004,0.0004121252385203264,5.675368898978434e-05
original,30,17720,orig,0.8570620327338856,0.0007624959492468616,5.64334085778781e-05
original,30,17820,orig,0.857183269347343,0.001293190543544171,5.611672278338945e-05
original,30,17920,orig,0.8577086280056576,0.0004121252385203263,5.580357142857143e-05
original,30,18020,orig,0.8570216205293999,0.0012689689608492555,5.549389567147614e-05
original,30,18120,orig,0.8562537886441707,0.0007296613491722633,5.518763796909492e-05
original,30,18220,orig,0.8575873913922004,0.0006566206025165429,5.48847420417124e-05
original,30,18320,orig,0.8571832693473429,0.0008418939848858061,5.458515283842795e-05
original,30,18420,orig,0.8566983228935138,0.0012015412202318664,5.428881650380022e-05
original,30,18520,orig,0.8574257425742575,0.000834098502345944,5.3995680345572353e-05
original,30,18620,orig,0.8569003839159427,0.0009682076015930963,5.3705692803437166e-05
original,30,18720,orig,0.856819559506971,0.0005657708628005662,5.341880341880342e-05
original,30,18820,orig,0.8563346130531422,0.00028575743834572184,5.313496280552604e-05
original,30,18920,orig,0.856172964235199,0.0005628768752145318,5.285412262156448e-05
original,30,19020,orig,0.8559304910082846,0.000612881426070024,5.257623554153522e-05
original,30,19120,orig,0.856819559506971,0.0003959571214844577,5.230125523012552e-05
original,30,19220,orig,0.855849666599313,0.00037476736696284436,5.202913631633715e-05
original,30,19320,orig,0.855849666599313,0.0004352527627507907,5.175983436853002e-05
original,30,19420,orig,0.8556071933723984,0.0010813568931306867,5.149330587023687e-05
original,30,19520,orig,0.8558900788037989,0.000533073588938056,5.122950819672131e-05
original,30,19620,orig,0.8557284299858556,0.0005269106813661538,5.0968399592252805e-05
original,30,19720,orig,0.8547585370781977,0.0004121252385203264,5.070993914807302e-05
original,30,19820,orig,0.8554455445544555,0.0010429167832340758,5.0454086781029264e-05
original,30,19920,orig,0.855364720145484,0.00034763892774472116,5.020080321285141e-05
original,30,20020,orig,0.8557688421903415,0.00026806423846071584,4.995004995004995e-05
original,30,20120,orig,0.8550010103051122,0.00037476736696284436,4.970178926441352e-05
original,30,20220,orig,0.8547181248737118,0.0006762255215470438,4.945598417408506e-05
original,30,20320,orig,0.8548393614871692,0.0005657708628005647,4.921259842519685e-05
original,30,20420,orig,0.8548797736916549,0.00023564162032108655,4.897159647404505e-05
original,30,20520,orig,0.8545564760557689,0.000548177812335844,4.8732943469785574e-05
original,30,20620,orig,0.8545564760557689,0.0008222667185037655,4.8496605237633365e-05
original,30,20720,orig,0.8540715296019398,0.000268064238460746,4.826254826254826e-05
original,30,20820,orig,0.8541119418064256,0.0003130315899137302,4.803073967339097e-05
original,30,20920,orig,0.853869468579511,0.0005015022689832809,4.780114722753346e-05
original,30,21020,orig,0.8539907051929682,0.0003024172468599055,4.757373929590866e-05
original,30,21120,orig,0.8541119418064256,0.0004426935199071899,4.734848484848485e-05
original,30,21220,orig,0.853546170943625,0.0003918108593587881,4.7125353440150804e-05
original,30,21320,orig,0.853546170943625,0.00026806423846073926,4.6904315196998124e-05
original,30,21420,orig,0.8537482319660537,0.0005015022689832611,4.668534080298786e-05
original,30,21520,orig,0.8534249343301678,0.0001616488179430109,4.646840148698885e-05
original,30,21620,orig,0.8532228733077389,0.00027408890616792365,4.625346901017576e-05
original,30,21720,orig,0.8531420488987674,0.00015120862342993642,4.604051565377532e-05
original,30,21820,orig,0.8529804000808244,9.898928037107703e-05,4.5829514207149406e-05
original,30,21920,orig,0.8529399878763387,8.082440897148047e-05,4.562043795620438e-05
IGNORANT,30,20,anon,0.2864821175995151,0.002046310592228278,0.05
IGNORANT,30,120,anon,0.17175186906445747,0.0019839058732889258,0.008333333333333333
IGNORANT,30,220,anon,0.14625176803394627,0.0025411533517498445,0.004545454545454545
IGNORANT,30,320,anon,0.13158213780561728,0.0013427559285379767,0.003125
IGNORANT,30,420,anon,0.12208526975146494,0.000501502268983261,0.002380952380952381
IGNORANT,30,520,anon,0.11355829460497072,0.0014514677709491187,0.0019230769230769232
IGNORANT,30,620,anon,0.1065265710244494,0.0028786427671866023,0.0016129032258064516
IGNORANT,30,720,anon,0.10264699939381691,0.0016365695478938462,0.001388888888888889
IGNORANT,30,820,anon,0.098848252172156,0.0014925185138508282,0.0012195121951219512
IGNORANT,30,920,anon,0.09565568801778138,0.0015045068069497907,0.0010869565217391304
IGNORANT,30,1020,anon,0.09238229945443524,0.0012741065080165263,0.000980392156862745
IGNORANT,30,1120,anon,0.08963426954940393,0.001042916783234103,0.0008928571428571428
IGNORANT,30,1220,anon,0.0856334613053142,0.0010646142551884801,0.000819672131147541
IGNORANT,30,1320,anon,0.08417862194382704,0.0015153229548799908,0.0007575757575757576
IGNORANT,30,1420,anon,0.08118811881188119,0.0011387353245993412,0.0007042253521126761
IGNORANT,30,1520,anon,0.0804606991311376,0.0025952062005257367,0.0006578947368421052
IGNORANT,30,1620,anon,0.07702566174984846,0.0013366607725634465,0.0006172839506172839
IGNORANT,30,1720,anon,0.07726813497676298,0.001568285141396827,0.0005813953488372093
IGNORANT,30,1820,anon,0.07605576884219034,0.0007183830606034025,0.0005494505494505495
IGNORANT,30,1920,anon,0.07427763184481714,0.0016395605395110762,0.0005208333333333333
IGNORANT,30,2020,anon,0.07318650232370175,0.0010175533087099769,0.0004950495049504951
IGNORANT,30,2120,anon,0.07144877753081431,0.0016395605395110738,0.0004716981132075472
IGNORANT,30,2220,anon,0.07080218225904224,0.0016593627130852943,0.00045045045045045046
IGNORANT,30,2320,anon,0.06999393816932714,0.0015682851413968291,0.0004310344827586207
IGNORANT,30,2420,anon,0.06845827439886845,0.0019773093267690576,0.00041322314049586776
IGNORANT,30,2520,anon,0.06724590826429581,0.0010948649977081512,0.0003968253968253968
IGNORANT,30,2620,anon,0.06845827439886845,0.0022946162160563176,0.0003816793893129771
IGNORANT,30,2720,anon,0.06635683976560922,0.0015889758134037153,0.0003676470588235294
IGNORANT,30,2820,anon,0.0644978783592645,0.001668197004691882,0.0003546099290780142
IGNORANT,30,2920,anon,0.06312386340674883,0.0026610753902856056,0.00034246575342465754
IGNORANT,30,3020,anon,0.0632451000202061,0.00038338383433037416,0.00033112582781456954
IGNORANT,30,3120,anon,0.0631642756112346,0.0015630696791928624,0.0003205128205128205
IGNORANT,30,3220,anon,0.06288139017983432,0.001056916292634637,0.00031055900621118014
IGNORANT,30,3320,anon,0.061547787431804404,0.0016043187101458262,0.00030120481927710846
IGNORANT,30,3420,anon,0.061911497272176194,0.0011684649258275179,0.00029239766081871346
IGNORANT,30,3520,anon,0.06077995554657506,0.0014537163668300636,0.0002840909090909091
IGNORANT,30,3620,anon,0.06001212366134573,0.0017936828467304217,0.00027624309392265195
IGNORANT,30,3720,anon,0.05972923822994545,0.0015786643753990394,0.00026881720430107527
IGNORANT,30,3820,anon,0.05944635279854517,0.0007815348395964329,0.0002617801047120419
IGNORANT,30,3920,anon,0.0580723378460295,0.0009782758890208294,0.00025510204081632655
IGNORANT,30,4020,anon,0.05750656698322894,0.0012944528088944807,0.0002487562189054726
IGNORANT,30,4120,anon,0.056577086280056574,0.000876115715848809,0.00024271844660194174
IGNORANT,30,4220,anon,0.05649626187108507,0.0010030045379665277,0.00023696682464454977
IGNORANT,30,4320,anon,0.05568801778136998,0.001050717316629621,0.0002314814814814815
IGNORANT,30,4420,anon,0.05532430794099817,0.0015827970117248847,0.00022624434389140272
IGNORANT,30,4520,anon,0.05536472014548394,0.0012969736541427529,0.00022123893805309734
IGNORANT,30,4620,anon,0.05423317841988281,0.0007836217187175303,0.00021645021645021645
IGNORANT,30,4720,anon,0.05435441503334008,0.0006881950440867418,0.000211864406779661
IGNORANT,30,4820,anon,0.05447565164679733,0.001175432578076297,0.0002074688796680498
IGNORANT,30,4920,anon,0.0541523540109113,0.001232406601897508,0.0002032520325203252
IGNORANT,30,5020,anon,0.0541523540109113,0.0009816090362894405,0.00019920318725099602
IGNORANT,30,5120,anon,0.05197009496868055,0.0011243021008885473,0.0001953125
IGNORANT,30,5220,anon,0.0533441099211962,0.0010460439770090767,0.00019157088122605365
IGNORANT,30,5320,anon,0.051323499696908456,0.0013219177396481007,0.00018796992481203009
IGNORANT,30,5420,anon,0.05180844615073752,0.001147308108028158,0.00018450184501845018
IGNORANT,30,5520,anon,0.05221256819559507,0.001003004537966527,0.00018115942028985507
IGNORANT,30,5620,anon,0.05140432410587997,0.0011329840993231904,0.00017793594306049823
IGNORANT,30,5720,anon,0.05027278238027884,0.0008798359691686085,0.00017482517482517483
IGNORANT,30,5820,anon,0.05007072135785007,0.0007603510900071436,0.0001718213058419244
IGNORANT,30,5920,anon,0.0503940189937361,0.001268968960849269,0.00016891891891891893
IGNORANT,30,6020,anon,0.04930288947262073,0.001046043977009076,0.00016611295681063124
IGNORANT,30,6120,anon,0.04966659931299253,0.001540971991508396,0.0001633986928104575
IGNORANT,30,6220,anon,0.04946453829056375,0.0010646142551884819,0.0001607717041800643
IGNORANT,30,6320,anon,0.04962618710850677,0.0012297534091495615,0.00015822784810126583
IGNORANT,30,6420,anon,0.048777530814305914,0.001454839361487169,0.00015576323987538941
IGNORANT,30,6520,anon,0.0489795918367347,0.0014715814472445463,0.00015337423312883436
IGNORANT,30,6620,anon,0.048413820973934124,0.0009614368359967916,0.00015105740181268882
IGNORANT,30,6720,anon,0.047767225702162054,0.0012363757155609899,0.00014880952380952382
IGNORANT,30,6820,anon,0.046676096181046664,0.0014793295791249237,0.0001466275659824047
IGNORANT,30,6920,anon,0.04796928672459083,0.0010963556246716948,0.00014450867052023122
IGNORANT,30,7020,anon,0.04687815720347545,0.0007229154908061559,0.00014245014245014244
IGNORANT,30,7120,anon,0.04647403515861791,0.0015388509003564166,0.0001404494382022472
IGNORANT,30,7220,anon,0.04724186704384724,0.0015409719915083946,0.00013850415512465375
IGNORANT,30,7320,anon,0.047484340270761774,0.0013940746260384207,0.0001366120218579235
IGNORANT,30,7420,anon,0.04590826429581734,0.0010798455620034263,0.00013477088948787063
IGNORANT,30,7520,anon,0.045221256819559505,0.0007161060879640065,0.00013297872340425532
IGNORANT,30,7620,anon,0.04627197413618912,0.00047816365189732267,0.00013123359580052493
IGNORANT,30,7720,anon,0.044857546979187715,0.0010460439770090734,0.00012953367875647668
IGNORANT,30,7820,anon,0.04606991311376035,0.0011358633519947614,0.0001278772378516624
IGNORANT,30,7920,anon,0.04598908870478885,0.0007296613491722671,0.00012626262626262626
IGNORANT,30,8020,anon,0.045140432410588,0.000783621718717531,0.00012468827930174563
IGNORANT,30,8120,anon,0.045463730046474034,0.0009303588145662817,0.0001231527093596059
IGNORANT,30,8220,anon,0.045221256819559505,0.001768005080155777,0.00012165450121654502
IGNORANT,30,8320,anon,0.04497878359264498,0.0009268413773432792,0.0001201923076923077
IGNORANT,30,8420,anon,0.044736310365730454,0.0005047482722488104,0.00011876484560570071
IGNORANT,30,8520,anon,0.04392806627601535,0.0011184766622023069,0.00011737089201877934
IGNORANT,30,8620,anon,0.044332188320872906,0.0006338406603903058,0.0001160092807424594
IGNORANT,30,8720,anon,0.04352394423115781,0.0008629685392629896,0.00011467889908256881
IGNORANT,30,8820,anon,0.04320064659527177,0.0013964156430124066,0.00011337868480725624
IGNORANT,30,8920,anon,0.042634875732471204,0.0010615417689685753,0.00011210762331838565
IGNORANT,30,9020,anon,0.04251363911901394,0.0006591031089230189,0.00011086474501108647
IGNORANT,30,9120,anon,0.043079409981814504,0.001124302100888549,0.00010964912280701755
IGNORANT,30,9220,anon,0.04311982218630027,0.001011113033194327,0.00010845986984815618
IGNORANT,30,9320,anon,0.04279652455041423,0.000942566481284349,0.00010729613733905579
IGNORANT,30,9420,anon,0.04251363911901394,0.0005361284769214643,0.00010615711252653928
IGNORANT,30,9520,anon,0.04194786825621338,0.0005939356822266764,0.0001050420168067227
IGNORANT,30,9620,anon,0.041745807233784606,0.0009865876432195372,0.00010395010395010396
IGNORANT,30,9720,anon,0.042311578096585166,0.0012363757155609907,0.00010288065843621399
IGNORANT,30,9820,anon,0.04109921196201253,0.00035230543087821323,0.00010183299389002037
IGNORANT,30,9920,anon,0.04166498282481309,0.0005015022689832645,0.00010080645161290323
IGNORANT,30,10020,anon,0.04097797534855526,0.0011947258435315816,9.98003992015968e-05
IGNORANT,30,10120,anon,0.041301272984441306,0.001275387661188888,9.881422924901186e-05
IGNORANT,30,10220,anon,0.042028692665184886,0.000711530283356598,9.784735812133073e-05
IGNORANT,30,10320,anon,0.04000808244089715,0.0007341241513269328,9.689922480620155e-05
IGNORANT,30,10420,anon,0.039644372600525356,0.000618187857780493,9.596928982725528e-05
IGNORANT,30,10520,anon,0.04012931905435442,0.0013070084161484123,9.505703422053231e-05
IGNORANT,30,10620,anon,0.04029096787229743,0.001073778965899083,9.416195856873823e-05
IGNORANT,30,10720,anon,0.04073550212164073,0.0005361284769214642,9.328358208955224e-05
IGNORANT,30,10820,anon,0.040048494645382904,0.001072256953842926,9.242144177449168e-05
IGNORANT,30,10920,anon,0.039482723782582343,0.0011184766622023066,9.157509157509158e-05
IGNORANT,30,11020,anon,0.04012931905435442,0.0007836217187175315,9.074410163339382e-05
IGNORANT,30,11120,anon,0.03968478480501112,0.0015420314429855637,8.992805755395684e-05
IGNORANT,30,11220,anon,0.04008890684986866,0.001132984099323191,8.9126559714795e-05
IGNORANT,30,11320,anon,0.03968478480501111,0.0010111130331943276,8.833922261484099e-05
IGNORANT,30,11420,anon,0.039361487169125076,0.001261223401440876,8.756567425569177e-05
IGNORANT,30,11520,anon,0.039199838351182056,0.0007115302833565992,8.680555555555556e-05
IGNORANT,30,11620,anon,0.03887654071529602,0.0002740889061679249,8.605851979345956e-05
IGNORANT,30,11720,anon,0.039361487169125076,0.0013366607725634444,8.532423208191126e-05
IGNORANT,30,11820,anon,0.03903818953323904,0.0012612234014408765,8.460236886632826e-05
IGNORANT,30,11920,anon,0.03855324307940998,0.001001374960061738,8.389261744966443e-05
IGNORANT,30,12020,anon,0.03859365528389573,0.0015282012852042058,8.319467554076539e-05
IGNORANT,30,12120,anon,0.03814912103455244,0.0006929249625977878,8.250825082508251e-05
IGNORANT,30,12220,anon,0.038714891897353,0.0006713779642689895,8.183306055646482e-05
IGNORANT,30,12320,anon,0.03713881592240857,0.0005481778123358457,8.116883116883117e-05
IGNORANT,30,12420,anon,0.037664174580723374,0.0007836217187175315,8.051529790660226e-05
IGNORANT,30,12520,anon,0.03806829662558092,0.0007731309949367146,7.987220447284345e-05
IGNORANT,30,12620,anon,0.03798747221660942,0.0006389730572172921,7.92393026941363e-05
IGNORANT,30,12720,anon,0.03726005253586583,0.000718383060603401,7.861635220125786e-05
IGNORANT,30,12820,anon,0.0378258233986664,0.0006440645564966344,7.800312012480499e-05
IGNORANT,30,12920,anon,0.03742170135380885,0.0011387353245993442,7.739938080495357e-05
IGNORANT,30,13020,anon,0.03831076985249545,0.0005939356822266763,7.680491551459293e-05
IGNORANT,30,13120,anon,0.037664174580723374,0.0010888820840822366,7.621951219512195e-05
IGNORANT,30,13220,anon,0.036249747423721966,0.0003747673669628486,7.5642965204236e-05
IGNORANT,30,13320,anon,0.03661345726409375,0.0010873812121296178,7.507507507507507e-05
IGNORANT,30,13420,anon,0.03754293796726611,0.0008418939848858214,7.451564828614009e-05
IGNORANT,30,13520,anon,0.03637098403717922,0.0004426935199071848,7.396449704142012e-05
IGNORANT,30,13620,anon,0.03624974742372196,0.0009268413773432787,7.342143906020558e-05
IGNORANT,30,13720,anon,0.036492220650636495,0.0008723795976933894,7.28862973760933e-05
IGNORANT,30,13820,anon,0.036168923014750456,0.0007229154908061558,7.23589001447178e-05
IGNORANT,30,13920,anon,0.036088098605778954,0.0011037785640531552,7.183908045977011e-05
IGNORANT,30,14020,anon,0.03697716710446555,0.0009648281581178674,7.132667617689016e-05
IGNORANT,30,14120,anon,0.03564356435643564,0.0008534537111312527,7.082152974504249e-05
IGNORANT,30,14220,anon,0.03584562537886442,0.0009948299555539437,7.032348804500703e-05
IGNORANT,30,14320,anon,0.03629015962820772,0.0007624959492468452,6.983240223463687e-05
IGNORANT,30,14420,anon,0.03600727419680744,0.001372825843723017,6.934812760055478e-05
IGNORANT,30,14520,anon,0.03544150333400686,0.0003747673669628487,6.887052341597796e-05
IGNORANT,30,14620,anon,0.03588603758335017,0.0008534537111312528,6.839945280437756e-05
IGNORANT,30,14720,anon,0.035279854516063844,0.00090905006095793,6.793478260869565e-05
IGNORANT,30,14820,anon,0.03499696908466357,0.0004678050880093036,6.747638326585695e-05
IGNORANT,30,14920,anon,0.03540109112952111,0.0009162080459692557,6.702412868632708e-05
IGNORANT,30,15020,anon,0.035643564356435654,0.001003004537966527,6.657789613848202e-05
IGNORANT,30,15120,anon,0.03523944231157809,0.0007407679442240213,6.613756613756614e-05
IGNORANT,30,15220,anon,0.03588603758335017,0.00083409850234594,6.570302233902759e-05
IGNORANT,30,15320,anon,0.034309961608405735,0.000644064556496635,6.527415143603133e-05
IGNORANT,30,15420,anon,0.03475449585774904,0.0005111784457738329,6.485084306095979e-05
IGNORANT,30,15520,anon,0.034350373812891494,0.0005421866181046155,6.443298969072165e-05
IGNORANT,30,15620,anon,0.034552434835320264,0.000494946401855562,6.402048655569782e-05
IGNORANT,30,15720,anon,0.03495655688017781,0.0004607700242873878,6.361323155216285e-05
IGNORANT,30,15820,anon,0.033825015154576685,0.0006075286473377624,6.321112515802781e-05
IGNORANT,30,15920,anon,0.03536067892503536,0.0007773442740622898,6.28140703517588e-05
IGNORANT,30,16020,anon,0.034471610426348755,0.00027408890616792365,6.242197253433208e-05
IGNORANT,30,16120,anon,0.034309961608405735,0.000760351090007144,6.203473945409429e-05
IGNORANT,30,16220,anon,0.034431198221863,0.0005361284769214617,6.165228113440197e-05
IGNORANT,30,16320,anon,0.03435037381289149,0.0003381127607735202,6.127450980392157e-05
IGNORANT,30,16420,anon,0.0339866639725197,0.0008021593550729121,6.090133982947625e-05
IGNORANT,30,16520,anon,0.033744190745605175,0.0009477502040459551,6.053268765133172e-05
IGNORANT,30,16620,anon,0.034350373812891494,0.000494946401855562,6.016847172081829e-05
IGNORANT,30,16720,anon,0.034229137199434226,0.00041606911056726506,5.980861244019139e-05
IGNORANT,30,16820,anon,0.03350171751869064,0.0003232976358860389,5.945303210463734e-05
IGNORANT,30,16920,anon,0.033138007678318857,0.0008945622801042096,5.9101654846335695e-05
IGNORANT,30,17020,anon,0.03317841988280461,0.0007274196807435834,5.8754406580493536e-05
IGNORANT,30,17120,anon,0.03342089310971914,0.0006075286473377627,5.841121495327103e-05
IGNORANT,30,17220,anon,0.03325924429177611,0.0006465952717720747,5.8072009291521487e-05
IGNORANT,30,17320,anon,0.03317841988280461,0.0006566206025165473,5.7736720554272516e-05
IGNORANT,30,17420,anon,0.03293594665589008,0.0005994098595349084,5.74052812858783e-05
IGNORANT,30,17520,anon,0.03301677106486159,0.00039595712148444924,5.7077625570776254e-05
IGNORANT,30,17620,anon,0.03281471004243282,0.00037476736696284853,5.675368898978434e-05
IGNORANT,30,17720,anon,0.03277429783794707,0.0007161060879640075,5.64334085778781e-05
IGNORANT,30,17820,anon,0.03305718326934734,0.0006338406603903058,5.611672278338945e-05
IGNORANT,30,17920,anon,0.03285512224691857,0.00027408890616792284,5.580357142857143e-05
IGNORANT,30,18020,anon,0.03321883208729036,0.0009865876432195346,5.549389567147614e-05
IGNORANT,30,18120,anon,0.03277429783794705,0.0003918108593587655,5.518763796909492e-05
IGNORANT,30,18220,anon,0.03220852697514649,0.00016164881794301957,5.48847420417124e-05
IGNORANT,30,18320,anon,0.03245100020206102,0.0004160691105672675,5.458515283842795e-05
IGNORANT,30,18420,anon,0.03269347342897555,0.0004314842696314929,5.428881650380022e-05
IGNORANT,30,18520,anon,0.03269347342897555,0.00015120862342994385,5.3995680345572353e-05
IGNORANT,30,18620,anon,0.03277429783794706,0.0005015022689832642,5.3705692803437166e-05
IGNORANT,30,18720,anon,0.03249141240654678,0.00029696784111333803,5.341880341880342e-05
IGNORANT,30,18820,anon,0.032087290361689225,0.0005015022689832642,5.313496280552604e-05
IGNORANT,30,18920,anon,0.03220852697514649,0.0005361284769214631,5.285412262156448e-05
IGNORANT,30,19020,anon,0.031925641543746205,0.0008945622801042084,5.257623554153522e-05
IGNORANT,30,19120,anon,0.03265306122448979,0.0007183830606034026,5.230125523012552e-05
IGNORANT,30,19220,anon,0.0317639927258032,0.00023564162032108655,5.202913631633715e-05
IGNORANT,30,19320,anon,0.031521519498888664,0.00046077002428738595,5.175983436853002e-05
IGNORANT,30,19420,anon,0.031925641543746205,0.0003833838343303749,5.149330587023687e-05
IGNORANT,30,19520,anon,0.031561931703374416,0.0002680642384607317,5.122950819672131e-05
IGNORANT,30,19620,anon,0.0318448171347747,0.0007296613491722699,5.0968399592252805e-05
IGNORANT,30,19720,anon,0.03176399272580319,0.0005628768752145532,5.070993914807302e-05
IGNORANT,30,19820,anon,0.031561931703374416,0.00034763892774469996,5.0454086781029264e-05
IGNORANT,30,19920,anon,0.03148110729440291,0.0002969678411133369,5.020080321285141e-05
IGNORANT,30,20020,anon,0.03123863406748838,0.0002424732269145288,4.995004995004995e-05
IGNORANT,30,20120,anon,0.03144069508991716,0.00020606261926016425,4.970178926441352e-05
IGNORANT,30,20220,anon,0.03131945847645989,0.0005269106813661456,4.945598417408506e-05
IGNORANT,30,20320,anon,0.031036573045059607,0.0003523054308782121,4.921259842519685e-05
IGNORANT,30,20420,anon,0.030915336431602346,0.0003833838343303764,4.897159647404505e-05
IGNORANT,30,20520,anon,0.03083451202263084,0.0002424732269145272,4.8732943469785574e-05
IGNORANT,30,20620,anon,0.030672863204687817,0.0003476389277447019,4.8496605237633365e-05
IGNORANT,30,20720,anon,0.030915336431602342,0.00031303158991371273,4.826254826254826e-05
IGNORANT,30,20820,anon,0.03063245100020206,0.000328310301258272,4.803073967339097e-05
IGNORANT,30,20920,anon,0.030713275409173568,0.0001277946114434577,4.780114722753346e-05
IGNORANT,30,21020,anon,0.031076985249545365,0.00026806423846073124,4.757373929590866e-05
IGNORANT,30,21120,anon,0.030753687613659327,0.00015120862342994198,4.734848484848485e-05
IGNORANT,30,21220,anon,0.030672863204687817,0.0003476389277447006,4.7125353440150804e-05
IGNORANT,30,21320,anon,0.030389977773287537,0.00016164881794301922,4.6904315196998124e-05
IGNORANT,30,21420,anon,0.030551626591230552,0.0001979785607422242,4.668534080298786e-05
IGNORANT,30,21520,anon,0.030672863204687817,0.00029696784111333656,4.646840148698885e-05
IGNORANT,30,21620,anon,0.030187916750858756,9.898928037111273e-05,4.625346901017576e-05
IGNORANT,30,21720,anon,0.030309153364316027,0.00022134675995359366,4.604051565377532e-05
IGNORANT,30,21820,anon,0.030187916750858756,9.898928037111273e-05,4.5829514207149406e-05
IGNORANT,30,21920,anon,0.03010709234188725,0.0,4.562043795620438e-05
SEMI-INFORMED,30,20,anon,0.4885835522327743,0.001912654607589287,0.05
SEMI-INFORMED,30,120,anon,0.3849262477268135,0.0016711313904332532,0.008333333333333333
SEMI-INFORMED,30,220,anon,0.3552636896342695,0.002074055755967902,0.004545454545454545
SEMI-INFORMED,30,320,anon,0.33340068700747627,0.0016514703367712788,0.003125
SEMI-INFORMED,30,420,anon,0.3173974540311174,0.0028415269074555573,0.002380952380952381
SEMI-INFORMED,30,520,anon,0.3093150131339665,0.0014424383348211546,0.0019230769230769232
SEMI-INFORMED,30,620,anon,0.3005859769650434,0.003979319822215767,0.0016129032258064516
SEMI-INFORMED,30,720,anon,0.29294807031723585,0.001514244816746438,0.001388888888888889
SEMI-INFORMED,30,820,anon,0.28741159830268737,0.001509924565954285,0.0012195121951219512
SEMI-INFORMED,30,920,anon,0.2812689432208527,0.00240104276055979,0.0010869565217391304
SEMI-INFORMED,30,1020,anon,0.27682360072741974,0.0009477502040459397,0.000980392156862745
SEMI-INFORMED,30,1120,anon,0.27241867043847245,0.0021513569051050453,0.0008928571428571428
SEMI-INFORMED,30,1220,anon,0.26526571024449386,0.0012547322445956872,0.000819672131147541
SEMI-INFORMED,30,1320,anon,0.2643766417458072,0.00210996605087195,0.0007575757575757576
SEMI-INFORMED,30,1420,anon,0.25997171145685993,0.0013620771506447989,0.0007042253521126761
SEMI-INFORMED,30,1520,anon,0.25637502525762784,0.0012741065080165244,0.0006578947368421052
SEMI-INFORMED,30,1620,anon,0.2549201858961406,0.0020944285342250827,0.0006172839506172839
SEMI-INFORMED,30,1720,anon,0.2513234996969085,0.002666593119632029,0.0005813953488372093
SEMI-INFORMED,30,1820,anon,0.24885835522327743,0.0012429627398852126,0.0005494505494505495
SEMI-INFORMED,30,1920,anon,0.24590826429581733,0.0008082440897150905,0.0005208333333333333
SEMI-INFORMED,30,2020,anon,0.24267528793695697,0.0030456970994409763,0.0004950495049504951
SEMI-INFORMED,30,2120,anon,0.2406142655081835,0.0016973125884016957,0.0004716981132075472
SEMI-INFORMED,30,2220,anon,0.23774499898969487,0.0016494913422476067,0.00045045045045045046
SEMI-INFORMED,30,2320,anon,0.23734087694483735,0.0017268830567162246,0.0004310344827586207
SEMI-INFORMED,30,2420,anon,0.23721964033138007,0.0017334904497496222,0.00041322314049586776
SEMI-INFORMED,30,2520,anon,0.23293594665589007,0.001587947682714768,0.0003968253968253968
SEMI-INFORMED,30,2620,anon,0.2319256415437462,0.0016385641489362129,0.0003816793893129771
SEMI-INFORMED,30,2720,anon,0.23002626793291575,0.0019406275536137376,0.0003676470588235294
SEMI-INFORMED,30,2820,anon,0.22804606991311377,0.0007939738413573922,0.0003546099290780142
SEMI-INFORMED,30,2920,anon,0.2280864821175995,0.002592057823531957,0.00034246575342465754
SEMI-INFORMED,30,3020,anon,0.22501515457668217,0.002833469087566478,0.00033112582781456954
SEMI-INFORMED,30,3120,anon,0.22347949080622348,0.00119198878187534,0.0003205128205128205
SEMI-INFORMED,30,3220,anon,0.22210547585370782,0.0011600485022757996,0.00031055900621118014
SEMI-INFORMED,30,3320,anon,0.22287330773893715,0.0026065088699288104,0.00030120481927710846
SEMI-INFORMED,30,3420,anon,0.22141846837745,0.0016730847884004387,0.00029239766081871346
SEMI-INFORMED,30,3520,anon,0.2186300262679329,0.0023908182594866174,0.0002840909090909091
SEMI-INFORMED,30,3620,anon,0.21903414831279044,0.0006999599141519013,0.00027624309392265195
SEMI-INFORMED,30,3720,anon,0.217458072337846,0.002368168975386312,0.00026881720430107527
SEMI-INFORMED,30,3820,anon,0.21693271367953124,0.002230372960443991,0.0002617801047120419
SEMI-INFORMED,30,3920,anon,0.21450798141038593,0.0015734833165432813,0.00025510204081632655
SEMI-INFORMED,30,4020,anon,0.21454839361487169,0.001124302100888549,0.0002487562189054726
SEMI-INFORMED,30,4120,anon,0.21260860779955548,0.002105316836149706,0.00024271844660194174
SEMI-INFORMED,30,4220,anon,0.21155789048292584,0.0020447137830953374,0.00023696682464454977
SEMI-INFORMED,30,4320,anon,0.21220448575469794,0.0015620244970772031,0.0002314814814814815
SEMI-INFORMED,30,4420,anon,0.2096989290765811,0.0015879476827147668,0.00022624434389140272
SEMI-INFORMED,30,4520,anon,0.20755708223883612,0.001431071425308206,0.00022123893805309734
SEMI-INFORMED,30,4620,anon,0.2096989290765811,0.0022332999603391504,0.00021645021645021645
SEMI-INFORMED,30,4720,anon,0.20703172358052133,0.0017781369973732016,0.000211864406779661
SEMI-INFORMED,30,4820,anon,0.2060618306728632,0.0026046284977687593,0.0002074688796680498
SEMI-INFORMED,30,4920,anon,0.20650636492220648,0.0019921208395823377,0.0002032520325203252
SEMI-INFORMED,30,5020,anon,0.20622347949080622,0.0023515597536433513,0.00019920318725099602
SEMI-INFORMED,30,5120,anon,0.20444534249343302,0.0023299309444978103,0.0001953125
SEMI-INFORMED,30,5220,anon,0.20226308345120225,0.0016465183905809925,0.00019157088122605365
SEMI-INFORMED,30,5320,anon,0.2023843200646595,0.0014990694678513959,0.00018796992481203009
SEMI-INFORMED,30,5420,anon,0.2003637098403718,0.0012689689608492648,0.00018450184501845018
SEMI-INFORMED,30,5520,anon,0.20173772479288746,0.0019406275536137333,0.00018115942028985507
SEMI-INFORMED,30,5620,anon,0.1996362901596282,0.0013763900881734786,0.00017793594306049823
SEMI-INFORMED,30,5720,anon,0.19975752677308548,0.0018368669512812226,0.00017482517482517483
SEMI-INFORMED,30,5820,anon,0.19882804606991314,0.003098854639350305,0.0001718213058419244
SEMI-INFORMED,30,5920,anon,0.19789856536674075,0.0015367268815382194,0.00016891891891891893
SEMI-INFORMED,30,6020,anon,0.19878763386542736,0.001905811456464192,0.00016611295681063124
SEMI-INFORMED,30,6120,anon,0.19644372600525356,0.0009425664812843453,0.0001633986928104575
SEMI-INFORMED,30,6220,anon,0.19591836734693877,0.0030606742741986614,0.0001607717041800643
SEMI-INFORMED,30,6320,anon,0.19612042836936752,0.0004712832406421793,0.00015822784810126583
SEMI-INFORMED,30,6420,anon,0.19345322287330774,0.0015786643753990341,0.00015576323987538941
SEMI-INFORMED,30,6520,anon,0.19393816932713678,0.0014253539776559688,0.00015337423312883436
SEMI-INFORMED,30,6620,anon,0.1951101232572237,0.001242962739885208,0.00015105740181268882
SEMI-INFORMED,30,6720,anon,0.19244291776116387,0.0010963556246716966,0.00014880952380952382
SEMI-INFORMED,30,6820,anon,0.19393816932713678,0.002449526362609297,0.0001466275659824047
SEMI-INFORMED,30,6920,anon,0.19256415437462113,0.0013584753537257339,0.00014450867052023122
SEMI-INFORMED,30,7020,anon,0.19143261264902,0.0025578084297347577,0.00014245014245014244
SEMI-INFORMED,30,7120,anon,0.19123055162659125,0.0015682851413968267,0.0001404494382022472
SEMI-INFORMED,30,7220,anon,0.18925035360678927,0.0014826378119089968,0.00013850415512465375
SEMI-INFORMED,30,7320,anon,0.19042230753687614,0.0008534537111312556,0.0001366120218579235
SEMI-INFORMED,30,7420,anon,0.18997777328753285,0.0008890684986866005,0.00013477088948787063
SEMI-INFORMED,30,7520,anon,0.18844210951707416,0.001961553622875177,0.00013297872340425532
SEMI-INFORMED,30,7620,anon,0.18900788037987473,0.000853453711131249,0.00013123359580052493
SEMI-INFORMED,30,7720,anon,0.1884825217215599,0.0011947258435315818,0.00012953367875647668
SEMI-INFORMED,30,7820,anon,0.18775510204081633,0.0018492723683406788,0.0001278772378516624
SEMI-INFORMED,30,7920,anon,0.1875126288139018,0.0011712569606942365,0.00012626262626262626
SEMI-INFORMED,30,8020,anon,0.18650232370175795,0.0022573028965478183,0.00012468827930174563
SEMI-INFORMED,30,8120,anon,0.18630026267932914,0.001925419963559766,0.0001231527093596059
SEMI-INFORMED,30,8220,anon,0.18617902606587192,0.001698274511169988,0.00012165450121654502
SEMI-INFORMED,30,8320,anon,0.1859769650434431,0.0006465952717720778,0.0001201923076923077
SEMI-INFORMED,30,8420,anon,0.18387553041018387,0.0016164881794301909,0.00011876484560570071
SEMI-INFORMED,30,8520,anon,0.18161244695898163,0.0019565517780416562,0.00011737089201877934
SEMI-INFORMED,30,8620,anon,0.18403717922812687,0.0014649075740870382,0.0001160092807424594
SEMI-INFORMED,30,8720,anon,0.1845625378864417,0.0021253899846117932,0.00011467889908256881
SEMI-INFORMED,30,8820,anon,0.18335017175186905,0.0025609989117405265,0.00011337868480725624
SEMI-INFORMED,30,8920,anon,0.18128914932309556,0.0008418939848858229,0.00011210762331838565
SEMI-INFORMED,30,9020,anon,0.18161244695898163,0.002247877791096922,0.00011086474501108647
SEMI-INFORMED,30,9120,anon,0.18298646191149728,0.0016094005052931855,0.00010964912280701755
SEMI-INFORMED,30,9220,anon,0.1815316225500101,0.0015578367563060353,0.00010845986984815618
SEMI-INFORMED,30,9320,anon,0.17987472216609418,0.0014367661212068062,0.00010729613733905579
SEMI-INFORMED,30,9420,anon,0.1810062638916953,0.0013305376951428022,0.00010615711252653928
SEMI-INFORMED,30,9520,anon,0.18044049302889473,0.0008476935527744199,0.0001050420168067227
SEMI-INFORMED,30,9620,anon,0.17971307334815115,0.001493612334821281,0.00010395010395010396
SEMI-INFORMED,30,9720,anon,0.17955142453020814,0.001449215686162144,0.00010288065843621399
SEMI-INFORMED,30,9820,anon,0.17833905839563546,0.0011614554748999716,0.00010183299389002037
SEMI-INFORMED,30,9920,anon,0.1781369973732067,0.0018234817818029486,0.00010080645161290323
SEMI-INFORMED,30,10020,anon,0.17728834107900587,0.000793973841357379,9.98003992015968e-05
SEMI-INFORMED,30,10120,anon,0.17870276823600728,0.0013439716426199904,9.881422924901186e-05
SEMI-INFORMED,30,10220,anon,0.17728834107900587,0.0012363757155609935,9.784735812133073e-05
SEMI-INFORMED,30,10320,anon,0.1772479288745201,0.0015462619898734262,9.689922480620155e-05
SEMI-INFORMED,30,10420,anon,0.17696504344311983,0.0017116846704018928,9.596928982725528e-05
SEMI-INFORMED,30,10520,anon,0.1774095776924631,0.0007560431171497162,9.505703422053231e-05
SEMI-INFORMED,30,10620,anon,0.1753889674681754,0.0011782081016054355,9.416195856873823e-05
SEMI-INFORMED,30,10720,anon,0.17744998989694888,0.0014310714253082063,9.328358208955224e-05
SEMI-INFORMED,30,10820,anon,0.17660133360274802,0.001315726053432991,9.242144177449168e-05
SEMI-INFORMED,30,10920,anon,0.1757526773085472,0.0018842664339260033,9.157509157509158e-05
SEMI-INFORMED,30,11020,anon,0.17429783794706,0.0010584603640096054,9.074410163339382e-05
SEMI-INFORMED,30,11120,anon,0.17454031117397456,0.0005481778123358489,8.992805755395684e-05
SEMI-INFORMED,30,11220,anon,0.17373206708425942,0.0010798455620034202,8.9126559714795e-05
SEMI-INFORMED,30,11320,anon,0.1743786623560315,0.001775379481631745,8.833922261484099e-05
SEMI-INFORMED,30,11420,anon,0.1733279450394019,0.001687663206128188,8.756567425569177e-05
SEMI-INFORMED,30,11520,anon,0.17393412810668823,0.001858082672470826,8.680555555555556e-05
SEMI-INFORMED,30,11620,anon,0.17276217417660134,0.0009303588145662817,8.605851979345956e-05
SEMI-INFORMED,30,11720,anon,0.17361083047080217,0.0017211993888904284,8.532423208191126e-05
SEMI-INFORMED,30,11820,anon,0.17247928874520105,0.0016445334370075418,8.460236886632826e-05
SEMI-INFORMED,30,11920,anon,0.17348959385734491,0.001319444551813667,8.389261744966443e-05
SEMI-INFORMED,30,12020,anon,0.17247928874520105,0.0006713779642689853,8.319467554076539e-05
SEMI-INFORMED,30,12120,anon,0.17159022024651446,0.0023264235950089746,8.250825082508251e-05
SEMI-INFORMED,30,12220,anon,0.17114568599717114,0.001046043977009073,8.183306055646482e-05
SEMI-INFORMED,30,12320,anon,0.1703778541119418,0.0007385599871690018,8.116883116883117e-05
SEMI-INFORMED,30,12420,anon,0.17122651040614267,0.0010030045379665232,8.051529790660226e-05
SEMI-INFORMED,30,12520,anon,0.16944837340876945,0.0015734833165432813,7.987220447284345e-05
SEMI-INFORMED,30,12620,anon,0.16981208324914127,0.0023515597536433413,7.92393026941363e-05
SEMI-INFORMED,30,12720,anon,0.16924631238634064,0.0018009521079132883,7.861635220125786e-05
SEMI-INFORMED,30,12820,anon,0.16900383915942613,0.0012881291129932728,7.800312012480499e-05
SEMI-INFORMED,30,12920,anon,0.1694887856132552,0.0012350540949635134,7.739938080495357e-05
SEMI-INFORMED,30,13020,anon,0.16868054152354012,0.0011670664035719255,7.680491551459293e-05
SEMI-INFORMED,30,13120,anon,0.16892301475045463,0.0007980770926704974,7.621951219512195e-05
SEMI-INFORMED,30,13220,anon,0.16839765609213986,0.001050717316629617,7.5642965204236e-05
SEMI-INFORMED,30,13320,anon,0.16722570216205296,0.0017221479695019282,7.507507507507507e-05
SEMI-INFORMED,30,13420,anon,0.16714487775308146,0.0021740113406850327,7.451564828614009e-05
SEMI-INFORMED,30,13520,anon,0.1683976560921398,0.0016245505146285514,7.396449704142012e-05
SEMI-INFORMED,30,13620,anon,0.1679935340472823,0.0014150043564365802,7.342143906020558e-05
SEMI-INFORMED,30,13720,anon,0.16742776318448171,0.001726883056716225,7.28862973760933e-05
SEMI-INFORMED,30,13820,anon,0.16734693877551018,0.0014870373403090837,7.23589001447178e-05
SEMI-INFORMED,30,13920,anon,0.16722570216205296,0.0012429627398852046,7.183908045977011e-05
SEMI-INFORMED,30,14020,anon,0.16569003839159424,0.0009732547649054174,7.132667617689016e-05
SEMI-INFORMED,30,14120,anon,0.1671852899575672,0.0010271380098717969,7.082152974504249e-05
SEMI-INFORMED,30,14220,anon,0.16653869468579513,0.0017494330832017262,7.032348804500703e-05
SEMI-INFORMED,30,14320,anon,0.1658112750050515,0.0011892454208577265,6.983240223463687e-05
SEMI-INFORMED,30,14420,anon,0.16516467973327947,0.0015099245659542908,6.934812760055478e-05
SEMI-INFORMED,30,14520,anon,0.16496261871085066,0.0003747673669628503,6.887052341597796e-05
SEMI-INFORMED,30,14620,anon,0.16472014548393615,0.0012612234014408707,6.839945280437756e-05
SEMI-INFORMED,30,14720,anon,0.16415437462113558,0.0012028996618417714,6.793478260869565e-05
SEMI-INFORMED,30,14820,anon,0.16451808446150737,0.001603300418256408,6.747638326585695e-05
SEMI-INFORMED,30,14920,anon,0.16411396241664983,0.0014196135033542315,6.702412868632708e-05
SEMI-INFORMED,30,15020,anon,0.16354819155384925,0.00166427644226907,6.657789613848202e-05
SEMI-INFORMED,30,15120,anon,0.16294200848656293,0.0008723795976933806,6.613756613756614e-05
SEMI-INFORMED,30,15220,anon,0.16306324510002018,0.0009036443635076937,6.570302233902759e-05
SEMI-INFORMED,30,15320,anon,0.1635077793493635,0.0012083181562114386,6.527415143603133e-05
SEMI-INFORMED,30,15420,anon,0.16379066478076382,0.0013378820252371681,6.485084306095979e-05
SEMI-INFORMED,30,15520,anon,0.163426954940392,0.00041212523852033613,6.443298969072165e-05
SEMI-INFORMED,30,15620,anon,0.16225500101030513,0.0007667676686607512,6.402048655569782e-05
SEMI-INFORMED,30,15720,anon,0.1623358254192766,0.0015682851413968248,6.361323155216285e-05
SEMI-INFORMED,30,15820,anon,0.1616488179430188,0.0012779461144345828,6.321112515802781e-05
SEMI-INFORMED,30,15920,anon,0.16290159628207718,0.0007603510900071377,6.28140703517588e-05
SEMI-INFORMED,30,16020,anon,0.16168923014750453,0.0010413496647181403,6.242197253433208e-05
SEMI-INFORMED,30,16120,anon,0.16177005455647603,0.0012753876611888888,6.203473945409429e-05
SEMI-INFORMED,30,16220,anon,0.1606385128308749,0.0006881950440867374,6.165228113440197e-05
SEMI-INFORMED,30,16320,anon,0.1610022226712467,0.0008021593550729092,6.127450980392157e-05
SEMI-INFORMED,30,16420,anon,0.1604768640129319,0.00071610608796401,6.090133982947625e-05
SEMI-INFORMED,30,16520,anon,0.15974944433218832,0.0006208240652955046,6.053268765133172e-05
SEMI-INFORMED,30,16620,anon,0.16019397858153162,0.001187871364453352,6.016847172081829e-05
SEMI-INFORMED,30,16720,anon,0.15978985653667405,0.001235054094963518,5.980861244019139e-05
SEMI-INFORMED,30,16820,anon,0.16019397858153162,0.0015930817009033756,5.945303210463734e-05
SEMI-INFORMED,30,16920,anon,0.15954738330975957,0.0007517104561623893,5.9101654846335695e-05
SEMI-INFORMED,30,17020,anon,0.1590624368559305,0.0012741065080165248,5.8754406580493536e-05
SEMI-INFORMED,30,17120,anon,0.159143261264902,0.0010350574641233184,5.841121495327103e-05
SEMI-INFORMED,30,17220,anon,0.1586987270155587,0.0005939356822266697,5.8072009291521487e-05
SEMI-INFORMED,30,17320,anon,0.1582541927662154,0.0014925185138508327,5.7736720554272516e-05
SEMI-INFORMED,30,17420,anon,0.1587795514245302,0.001160048502275803,5.74052812858783e-05
SEMI-INFORMED,30,17520,anon,0.1583754293796727,0.0001979785607422255,5.7077625570776254e-05
SEMI-INFORMED,30,17620,anon,0.15785007072135784,0.001311997016023274,5.675368898978434e-05
SEMI-INFORMED,30,17720,anon,0.15829460497070116,0.0012817742192082167,5.64334085778781e-05
SEMI-INFORMED,30,17820,anon,0.15756718528995756,0.0008222667185037777,5.611672278338945e-05
SEMI-INFORMED,30,17920,anon,0.15813295615275816,0.0013194445518136602,5.580357142857143e-05
SEMI-INFORMED,30,18020,anon,0.15716306324510004,0.0008222667185037745,5.549389567147614e-05
SEMI-INFORMED,30,18120,anon,0.15696100222267123,0.0016730847884004398,5.518763796909492e-05
SEMI-INFORMED,30,18220,anon,0.15651646797332797,0.0008142833574301799,5.48847420417124e-05
SEMI-INFORMED,30,18320,anon,0.1576075974944433,0.0009036443635076985,5.458515283842795e-05
SEMI-INFORMED,30,18420,anon,0.15659729238229944,0.0009816090362894435,5.428881650380022e-05
SEMI-INFORMED,30,18520,anon,0.15599110931501312,0.0005421866181046087,5.3995680345572353e-05
SEMI-INFORMED,30,18620,anon,0.1554657506566983,0.0010271380098717956,5.3705692803437166e-05
SEMI-INFORMED,30,18720,anon,0.15550616286118407,0.0009442975506605715,5.341880341880342e-05
SEMI-INFORMED,30,18820,anon,0.15502121640735503,0.00046780508800930146,5.313496280552604e-05
SEMI-INFORMED,30,18920,anon,0.1556678116791271,0.0012689689608492737,5.285412262156448e-05
SEMI-INFORMED,30,19020,anon,0.15542533845221257,0.0009162080459692593,5.257623554153522e-05
SEMI-INFORMED,30,19120,anon,0.15514245302081228,0.0002356416203210875,5.230125523012552e-05
SEMI-INFORMED,30,19220,anon,0.15615275813295615,0.0013366607725634448,5.202913631633715e-05
SEMI-INFORMED,30,19320,anon,0.15457668215801174,0.0005111784457738395,5.175983436853002e-05
SEMI-INFORMED,30,19420,anon,0.15502121640735506,0.0005911795853031992,5.149330587023687e-05
SEMI-INFORMED,30,19520,anon,0.15437462113558295,0.000676225521547042,5.122950819672131e-05
SEMI-INFORMED,30,19620,anon,0.1538088502727824,0.0006048344937197754,5.0968399592252805e-05
SEMI-INFORMED,30,19720,anon,0.1543342089310972,0.0007046108617564181,5.070993914807302e-05
SEMI-INFORMED,30,19820,anon,0.1534451404324106,0.0009698929076581084,5.0454086781029264e-05
SEMI-INFORMED,30,19920,anon,0.15356637704586787,0.0006762255215470436,5.020080321285141e-05
SEMI-INFORMED,30,20020,anon,0.15364720145483934,0.0005047482722488051,4.995004995004995e-05
SEMI-INFORMED,30,20120,anon,0.15421297231763992,0.0005481778123358457,4.970178926441352e-05
SEMI-INFORMED,30,20220,anon,0.1532430794099818,0.0005047482722488126,4.945598417408506e-05
SEMI-INFORMED,30,20320,anon,0.1534451404324106,0.0007731309949367087,4.921259842519685e-05
SEMI-INFORMED,30,20420,anon,0.15291978177409576,0.0011740423557352175,4.897159647404505e-05
SEMI-INFORMED,30,20520,anon,0.1529197817740958,0.0004121252385203329,4.8732943469785574e-05
SEMI-INFORMED,30,20620,anon,0.15219236209335218,0.0006181878577804921,4.8496605237633365e-05
SEMI-INFORMED,30,20720,anon,0.1517478278440089,0.000526910681366141,4.826254826254826e-05
SEMI-INFORMED,30,20820,anon,0.15211153768438068,0.00029696784111333234,4.803073967339097e-05
SEMI-INFORMED,30,20920,anon,0.15231359870680944,0.00029696784111333385,4.780114722753346e-05
SEMI-INFORMED,30,21020,anon,0.1512628813901798,0.0006465952717720783,4.757373929590866e-05
SEMI-INFORMED,30,21120,anon,0.1515457668215801,0.00046077002428738465,4.734848484848485e-05
SEMI-INFORMED,30,21220,anon,0.1516670034350374,0.0006075286473377582,4.7125353440150804e-05
SEMI-INFORMED,30,21320,anon,0.15122246918569407,0.0003283103012582735,4.6904315196998124e-05
SEMI-INFORMED,30,21420,anon,0.15089917154980806,0.00023564162032108844,4.668534080298786e-05
SEMI-INFORMED,30,21520,anon,0.15061628611840777,0.0003523054308782091,4.646840148698885e-05
SEMI-INFORMED,30,21620,anon,0.15053546170943627,0.00022134675995359493,4.625346901017576e-05
SEMI-INFORMED,30,21720,anon,0.15053546170943627,0.0002555892228869176,4.604051565377532e-05
SEMI-INFORMED,30,21820,anon,0.15037381289149324,0.0001512086234299394,4.5829514207149406e-05
SEMI-INFORMED,30,21920,anon,0.15029298848252173,0.00015120862342994236,4.562043795620438e-05
INFORMED,30,20,anon,0.958819963629016,0.0011387353245993523,0.05
INFORMED,30,120,anon,0.9418872499494848,0.0005511489875524627,0.008333333333333333
INFORMED,30,220,anon,0.9357041826631642,0.001342755928537978,0.004545454545454545
INFORMED,30,320,anon,0.931784198828046,0.0010584603640095898,0.003125
INFORMED,30,420,anon,0.9282683370377853,0.0012390147275615799,0.002380952380952381
INFORMED,30,520,anon,0.9260860779955546,0.0018270607485079467,0.0019230769230769232
INFORMED,30,620,anon,0.9243079409981816,0.0012944528088944904,0.0016129032258064516
INFORMED,30,720,anon,0.9195393008688623,0.001419613503354208,0.001388888888888889
INFORMED,30,820,anon,0.9174378662356032,0.001385849925195572,0.0012195121951219512
INFORMED,30,920,anon,0.9176803394625177,0.00041606911056725737,0.0010869565217391304
INFORMED,30,1020,anon,0.9152151949888866,0.00122309524755881,0.000980392156862745
INFORMED,30,1120,anon,0.9146090119216004,0.0007517104561623857,0.0008928571428571428
INFORMED,30,1220,anon,0.9111335623358254,0.0014196135033542326,0.000819672131147541
INFORMED,30,1320,anon,0.9099211962012527,0.0014760139315214925,0.0007575757575757576
INFORMED,30,1420,anon,0.9084663568397657,0.0007451642317472331,0.0007042253521126761
INFORMED,30,1520,anon,0.9076177005455648,0.0013728258437230134,0.0006578947368421052
INFORMED,30,1620,anon,0.9065669832289351,0.0006075286473377597,0.0006172839506172839
INFORMED,30,1720,anon,0.9041422509597898,0.0018099976299502012,0.0005813953488372093
INFORMED,30,1820,anon,0.9041826631642756,0.00148703734030908,0.0005494505494505495
INFORMED,30,1920,anon,0.9040210143463326,0.000857272315037223,0.0005208333333333333
INFORMED,30,2020,anon,0.9019195797130732,0.0013194445518136812,0.0004950495049504951
INFORMED,30,2120,anon,0.9009092746009296,0.0015786643753990287,0.0004716981132075472
INFORMED,30,2220,anon,0.899333198625985,0.0008798359691685883,0.00045045045045045046
INFORMED,30,2320,anon,0.8981612446958982,0.0019126546075892811,0.0004310344827586207
INFORMED,30,2420,anon,0.8983633057183269,0.0013584753537257239,0.00041322314049586776
INFORMED,30,2520,anon,0.8968680541523539,0.0020027499201234716,0.0003968253968253968
INFORMED,30,2620,anon,0.8965851687209536,0.0015567880609624553,0.0003816793893129771
INFORMED,30,2720,anon,0.8962214588805819,0.0015578367563060251,0.0003676470588235294
INFORMED,30,2820,anon,0.8959789856536673,0.0012741065080165302,0.0003546099290780142
INFORMED,30,2920,anon,0.8938775510204083,0.0015303371370993326,0.00034246575342465754
INFORMED,30,3020,anon,0.89290765811275,0.0017381946387235074,0.00033112582781456954
INFORMED,30,3120,anon,0.8934734289755506,0.0009162080459692543,0.0003205128205128205
INFORMED,30,3220,anon,0.8912507577288341,0.0017353736555735773,0.00031055900621118014
INFORMED,30,3320,anon,0.8923014750454638,0.00172877346019054,0.00030120481927710846
INFORMED,30,3420,anon,0.8909678722974338,0.0007939738413573769,0.00029239766081871346
INFORMED,30,3520,anon,0.8901192160032328,0.0007603510900071575,0.0002840909090909091
INFORMED,30,3620,anon,0.8893917963224893,0.0014264993004423335,0.00027624309392265195
INFORMED,30,3720,anon,0.8880581935744596,0.001219082895857603,0.00026881720430107527
INFORMED,30,3820,anon,0.8874924227116591,0.0026326930652499233,0.0002617801047120419
INFORMED,30,3920,anon,0.8874115983026873,0.0013119970160232772,0.00025510204081632655
INFORMED,30,4020,anon,0.8861992321681148,0.0012547322445956906,0.0002487562189054726
INFORMED,30,4120,anon,0.8849060416245706,0.0006075286473377685,0.00024271844660194174
INFORMED,30,4220,anon,0.8842998585572843,0.0019152144855239818,0.00023696682464454977
INFORMED,30,4320,anon,0.8849060416245706,0.0016094005052931788,0.0002314814814814815
INFORMED,30,4420,anon,0.8848252172155991,0.0010615417689685757,0.00022624434389140272
INFORMED,30,4520,anon,0.8852697514649425,0.0021246214472571906,0.00022123893805309734
INFORMED,30,4620,anon,0.8833299656496262,0.001604318710145837,0.00021645021645021645
INFORMED,30,4720,anon,0.8826833703778542,0.0010584603640095998,0.000211864406779661
INFORMED,30,4820,anon,0.8834916144675692,0.002140702790567612,0.0002074688796680498
INFORMED,30,4920,anon,0.8814305920387957,0.002014133892806955,0.0002032520325203252
INFORMED,30,5020,anon,0.8805011113356234,0.000374767366962842,0.00019920318725099602
INFORMED,30,5120,anon,0.8801778136997374,0.0013882048120685097,0.0001953125
INFORMED,30,5220,anon,0.8806627601535663,0.0016789313459560416,0.00019157088122605365
INFORMED,30,5320,anon,0.8802990503131947,0.0005657708628005885,0.00018796992481203009
INFORMED,30,5420,anon,0.8795312184279652,0.001221759261089601,0.00018450184501845018
INFORMED,30,5520,anon,0.8786825621337645,0.001634572512924374,0.00018115942028985507
INFORMED,30,5620,anon,0.877753081430592,0.002441512623478393,0.00017793594306049823
INFORMED,30,5720,anon,0.8779551424530208,0.0023942312780114872,0.00017482517482517483
INFORMED,30,5820,anon,0.8764598908870479,0.001759671938337227,0.0001718213058419244
INFORMED,30,5920,anon,0.8761365932511618,0.0006389730572172882,0.00016891891891891893
INFORMED,30,6020,anon,0.8755304101838755,0.0018475052658173516,0.00016611295681063124
INFORMED,30,6120,anon,0.8764598908870479,0.001337882025237192,0.0001633986928104575
INFORMED,30,6220,anon,0.8763386542735905,0.0019211742693885324,0.0001607717041800643
INFORMED,30,6320,anon,0.8749646393210749,0.001448088330342987,0.00015822784810126583
INFORMED,30,6420,anon,0.8746009294807033,0.0011684649258274925,0.00015576323987538941
INFORMED,30,6520,anon,0.8742372196403314,0.0012429627398851722,0.00015337423312883436
INFORMED,30,6620,anon,0.8727823802788442,0.0015473178192828194,0.00015105740181268882
INFORMED,30,6720,anon,0.8716912507577288,0.001428787191728716,0.00014880952380952382
INFORMED,30,6820,anon,0.8705192968276421,0.0011600485022757953,0.0001466275659824047
INFORMED,30,6920,anon,0.8716104263487574,0.000900022527836762,0.00014450867052023122
INFORMED,30,7020,anon,0.8707617700545566,0.0013858499251955874,0.00014245014245014244
INFORMED,30,7120,anon,0.8707213578500707,0.0016435400612376664,0.0001404494382022472
INFORMED,30,7220,anon,0.872984441301273,0.002023033503460722,0.00013850415512465375
INFORMED,30,7320,anon,0.8710850676904425,0.0008572723150372388,0.0001366120218579235
INFORMED,30,7420,anon,0.8703980602141848,0.00209832369945398,0.00013477088948787063
INFORMED,30,7520,anon,0.8706405334410994,0.0029152861259844616,0.00013297872340425532
INFORMED,30,7620,anon,0.870519296827642,0.0020542760197435673,0.00013123359580052493
INFORMED,30,7720,anon,0.8695089917154981,0.0016435400612376534,0.00012953367875647668
INFORMED,30,7820,anon,0.8682966255809255,0.001124302100888558,0.0001278772378516624
INFORMED,30,7920,anon,0.8691048696706407,0.002466138016147481,0.00012626262626262626
INFORMED,30,8020,anon,0.8680945645584967,0.0008890684986866092,0.00012468827930174563
INFORMED,30,8120,anon,0.8668821984239241,0.00043148426963149524,0.0001231527093596059
INFORMED,30,8220,anon,0.8668013740149524,0.002113059844397045,0.00012165450121654502
INFORMED,30,8320,anon,0.8654677712669226,0.001152987885850651,0.0001201923076923077
INFORMED,30,8420,anon,0.8676500303091533,0.002164978013494278,0.00011876484560570071
INFORMED,30,8520,anon,0.865912305516266,0.001168464925827504,0.00011737089201877934
INFORMED,30,8620,anon,0.8659931299252375,0.002733132094388516,0.0001160092807424594
INFORMED,30,8720,anon,0.8661143665386947,0.0014492156861621458,0.00011467889908256881
INFORMED,30,8820,anon,0.8642149929278642,0.0010538213627323161,0.00011337868480725624
INFORMED,30,8920,anon,0.8635683976560922,0.0008705055255016145,0.00011210762331838565
INFORMED,30,9020,anon,0.8635279854516064,0.0026702652716397773,0.00011086474501108647
INFORMED,30,9120,anon,0.8623560315215194,0.0013182062178460224,0.00010964912280701755
INFORMED,30,9220,anon,0.8632855122246917,0.0010888820840822579,0.00010845986984815618
INFORMED,30,9320,anon,0.8632855122246917,0.001867726006593872,0.00010729613733905579
INFORMED,30,9420,anon,0.8638512830874925,0.0010013749600617473,0.00010615711252653928
INFORMED,30,9520,anon,0.8620731460901192,0.0008041927153821922,0.0001050420168067227
INFORMED,30,9620,anon,0.8635683976560922,0.0018315246221256162,0.00010395010395010396
INFORMED,30,9720,anon,0.8610224287734896,0.0005628768752145589,0.00010288065843621399
INFORMED,30,9820,anon,0.8622752071125481,0.00037476736696283476,0.00010183299389002037
INFORMED,30,9920,anon,0.8612649020004041,0.001242962739885207,0.00010080645161290323
INFORMED,30,10020,anon,0.8623560315215195,0.0015356637704586787,9.98003992015968e-05
INFORMED,30,10120,anon,0.8588805819357447,0.001216400642011944,9.881422924901186e-05
INFORMED,30,10220,anon,0.8603354212972316,0.0011809771021380055,9.784735812133073e-05
INFORMED,30,10320,anon,0.8592038795716306,0.0016632948577293691,9.689922480620155e-05
INFORMED,30,10420,anon,0.8594059405940595,0.0011170155555534642,9.596928982725528e-05
INFORMED,30,10520,anon,0.8598504748434028,0.0004883025246956933,9.505703422053231e-05
INFORMED,30,10620,anon,0.8577894524146291,0.0014253539776559613,9.416195856873823e-05
INFORMED,30,10720,anon,0.8586381087088301,0.00032831030125826736,9.328358208955224e-05
INFORMED,30,10820,anon,0.8572236815518286,0.0016642764422690828,9.242144177449168e-05
INFORMED,30,10920,anon,0.8571024449383714,0.0010569162926346446,9.157509157509158e-05
INFORMED,30,11020,anon,0.8576682158011719,0.0008723795976933902,9.074410163339382e-05
INFORMED,30,11120,anon,0.8563750252576277,0.0013846709799160868,8.992805755395684e-05
INFORMED,30,11220,anon,0.8554455445544555,0.0016982745111699892,8.9126559714795e-05
INFORMED,30,11320,anon,0.8566174984845423,0.00027408890616793677,8.833922261484099e-05
INFORMED,30,11420,anon,0.855364720145484,0.0009338630032969249,8.756567425569177e-05
INFORMED,30,11520,anon,0.8550818347140836,0.001922873671993594,8.680555555555556e-05
INFORMED,30,11620,anon,0.8571428571428571,0.0023425139213884803,8.605851979345956e-05
INFORMED,30,11720,anon,0.8546373004647403,0.0015045068069498022,8.532423208191126e-05
INFORMED,30,11820,anon,0.8549605981006264,0.0017306617987766287,8.460236886632826e-05
INFORMED,30,11920,anon,0.8542735906243685,0.00162354491223283,8.389261744966443e-05
INFORMED,30,12020,anon,0.8539098807839967,0.0008572723150372389,8.319467554076539e-05
INFORMED,30,12120,anon,0.8542735906243685,0.001556788060962489,8.250825082508251e-05
INFORMED,30,12220,anon,0.8547585370781976,0.0020542760197435972,8.183306055646482e-05
INFORMED,30,12320,anon,0.8539502929884826,0.0008021593550729258,8.116883116883117e-05
INFORMED,30,12420,anon,0.8534653465346536,0.0013366607725634758,8.051529790660226e-05
INFORMED,30,12520,anon,0.8541119418064256,0.0009215400485747742,7.987220447284345e-05
INFORMED,30,12620,anon,0.8536674075570823,0.0017021167661065172,7.92393026941363e-05
INFORMED,30,12720,anon,0.8516467973327945,0.001663294857729368,7.861635220125786e-05
INFORMED,30,12820,anon,0.8528187512628813,0.0018807963270511465,7.800312012480499e-05
INFORMED,30,12920,anon,0.8512022630834511,0.0014936123348212847,7.739938080495357e-05
INFORMED,30,13020,anon,0.8500303091533643,0.0017259370785259896,7.680491551459293e-05
INFORMED,30,13120,anon,0.8516467973327945,0.0009849309037748112,7.621951219512195e-05
INFORMED,30,13220,anon,0.8517680339462519,0.0017268830567162322,7.5642965204236e-05
INFORMED,30,13320,anon,0.8515255607193373,0.001476013931521487,7.507507507507507e-05
INFORMED,30,13420,anon,0.8505152556071932,0.0015462619898734408,7.451564828614009e-05
INFORMED,30,13520,anon,0.8488179430187917,0.001702116766106494,7.396449704142012e-05
INFORMED,30,13620,anon,0.8495453626995353,0.0018633488597128265,7.342143906020558e-05
INFORMED,30,13720,anon,0.849747423721964,0.001449215686162137,7.28862973760933e-05
INFORMED,30,13820,anon,0.8490604162457063,0.0015599320319756595,7.23589001447178e-05
INFORMED,30,13920,anon,0.8485754697918771,0.002351559753643345,7.183908045977011e-05
INFORMED,30,14020,anon,0.8480501111335623,0.00038338383433036684,7.132667617689016e-05
INFORMED,30,14120,anon,0.8484542331784197,0.0009126360711768994,7.082152974504249e-05
INFORMED,30,14220,anon,0.847605576884219,0.0008982061333963448,7.032348804500703e-05
INFORMED,30,14320,anon,0.8484138209739343,0.000644064556496609,6.983240223463687e-05
INFORMED,30,14420,anon,0.847282279248333,0.0010334784281708664,6.934812760055478e-05
INFORMED,30,14520,anon,0.8482925843604768,0.0016083854307644043,6.887052341597796e-05
INFORMED,30,14620,anon,0.846635683976561,0.0012056119531360958,6.839945280437756e-05
INFORMED,30,14720,anon,0.8473631036573046,0.001639560539511089,6.793478260869565e-05
INFORMED,30,14820,anon,0.8478884623156192,0.0007710157214927549,6.747638326585695e-05
INFORMED,30,14920,anon,0.8461911497272177,0.0014870373403090913,6.702412868632708e-05
INFORMED,30,15020,anon,0.8457466154778743,0.0016886306256436617,6.657789613848202e-05
INFORMED,30,15120,anon,0.8463932107496465,0.0013305376951427779,6.613756613756614e-05
INFORMED,30,15220,anon,0.8445342493433017,0.0020351066174199425,6.570302233902759e-05
INFORMED,30,15320,anon,0.8454233178419883,0.0014737993557333317,6.527415143603133e-05
INFORMED,30,15420,anon,0.8461507375227321,0.0010737789658990863,6.485084306095979e-05
INFORMED,30,15520,anon,0.8440493028894727,0.0015356637704586511,6.443298969072165e-05
INFORMED,30,15620,anon,0.8451000202061023,0.0015786643753990235,6.402048655569782e-05
INFORMED,30,15720,anon,0.8455445544554456,0.0005206748323590828,6.361323155216285e-05
INFORMED,30,15820,anon,0.8429177611638716,0.0018720929192807066,6.321112515802781e-05
INFORMED,30,15920,anon,0.8440493028894724,0.0009162080459692367,6.28140703517588e-05
INFORMED,30,16020,anon,0.8424732269145281,0.0015734833165432617,6.242197253433208e-05
INFORMED,30,16120,anon,0.8434431198221862,0.001396415643012394,6.203473945409429e-05
INFORMED,30,16220,anon,0.8431198221863003,0.0005511489875524626,6.165228113440197e-05
INFORMED,30,16320,anon,0.8441705395029299,0.0014593226983445277,6.127450980392157e-05
INFORMED,30,16420,anon,0.841664982824813,0.0018851329625686974,6.090133982947625e-05
INFORMED,30,16520,anon,0.8424732269145283,0.0007939738413573757,6.053268765133172e-05
INFORMED,30,16620,anon,0.8426348757324712,0.0012994896092797371,6.016847172081829e-05
INFORMED,30,16720,anon,0.8419478682562135,0.0006929249625978074,5.980861244019139e-05
INFORMED,30,16820,anon,0.8413012729844412,0.0005939356822266797,5.945303210463734e-05
INFORMED,30,16920,anon,0.8414225095978987,0.0015142448167464353,5.9101654846335695e-05
INFORMED,30,17020,anon,0.8418670438472418,0.0007296613491722817,5.8754406580493536e-05
INFORMED,30,17120,anon,0.8410587997575268,0.0007731309949367229,5.841121495327103e-05
INFORMED,30,17220,anon,0.8407759143261266,0.0016514703367712558,5.8072009291521487e-05
INFORMED,30,17320,anon,0.8401293190543544,0.001342755928538008,5.7736720554272516e-05
INFORMED,30,17420,anon,0.841341685188927,0.0006440645564966313,5.74052812858783e-05
INFORMED,30,17520,anon,0.8402101434633259,0.0010491618497270247,5.7077625570776254e-05
INFORMED,30,17620,anon,0.8395231359870682,0.0008122752573143043,5.675368898978434e-05
INFORMED,30,17720,anon,0.8393210749646393,0.001862472195886526,5.64334085778781e-05
INFORMED,30,17820,anon,0.8399272580319256,0.0007815348395964442,5.611672278338945e-05
INFORMED,30,17920,anon,0.8388765407152962,0.0016144663047434659,5.580357142857143e-05
INFORMED,30,18020,anon,0.8388361285108104,0.0007939738413573679,5.549389567147614e-05
INFORMED,30,18120,anon,0.8383107698524956,0.0008890684986865829,5.518763796909492e-05
INFORMED,30,18220,anon,0.837906647807638,0.0010013749600617274,5.48847420417124e-05
INFORMED,30,18320,anon,0.8381491210345524,0.0008761157158487881,5.458515283842795e-05
INFORMED,30,18420,anon,0.8379874722166093,0.0017680050801557828,5.428881650380022e-05
INFORMED,30,18520,anon,0.8377449989896949,0.0009303588145662733,5.3995680345572353e-05
INFORMED,30,18620,anon,0.8366942816730653,0.0009849309037748275,5.3705692803437166e-05
INFORMED,30,18720,anon,0.8364518084461509,0.0011329840993231962,5.341880341880342e-05
INFORMED,30,18820,anon,0.8373812891493231,0.001017553308709965,5.313496280552604e-05
INFORMED,30,18920,anon,0.8363305718326934,0.0010382083312721693,5.285412262156448e-05
INFORMED,30,19020,anon,0.8371388159224086,0.0004426935199071899,5.257623554153522e-05
INFORMED,30,19120,anon,0.8368155182865225,0.0006338406603903156,5.230125523012552e-05
INFORMED,30,19220,anon,0.8369771671044655,0.0008418939848858381,5.202913631633715e-05
INFORMED,30,19320,anon,0.8360072741968075,0.0013858499251955777,5.175983436853002e-05
INFORMED,30,19420,anon,0.8368155182865225,0.0012429627398852054,5.149330587023687e-05
INFORMED,30,19520,anon,0.8353202667205497,0.000876115715848824,5.122950819672131e-05
INFORMED,30,19620,anon,0.8351586179026066,0.0007815348395964373,5.0968399592252805e-05
INFORMED,30,19720,anon,0.8357243887654071,0.0007229154908061449,5.070993914807302e-05
INFORMED,30,19820,anon,0.8347949080622348,0.0009000225278367342,5.0454086781029264e-05
INFORMED,30,19920,anon,0.8342291371994343,0.0007069248609632761,5.020080321285141e-05
INFORMED,30,20020,anon,0.8345928470398061,0.0008534537111312238,4.995004995004995e-05
INFORMED,30,20120,anon,0.8335825419276622,0.0007183830606033932,4.970178926441352e-05
INFORMED,30,20220,anon,0.8341079005859768,0.0005269106813661198,4.945598417408506e-05
INFORMED,30,20320,anon,0.8342291371994343,0.0006952778554893803,4.921259842519685e-05
INFORMED,30,20420,anon,0.8341079005859771,0.0007773442740622534,4.897159647404505e-05
INFORMED,30,20520,anon,0.8326934734289756,0.0006762255215470238,4.8732943469785574e-05
INFORMED,30,20620,anon,0.8332188320872904,0.0005800242511378837,4.8496605237633365e-05
INFORMED,30,20720,anon,0.8330167710648615,0.0005939356822266797,4.826254826254826e-05
INFORMED,30,20820,anon,0.8327742978379471,0.0003959571214844373,4.803073967339097e-05
INFORMED,30,20920,anon,0.8330167710648615,0.0006338406603903029,4.780114722753346e-05
INFORMED,30,21020,anon,0.8320872903616893,0.00046077002428739685,4.757373929590866e-05
INFORMED,30,21120,anon,0.8319660537482318,0.000374767366962842,4.734848484848485e-05
INFORMED,30,21220,anon,0.8318852293392605,0.0005269106813661794,4.7125353440150804e-05
INFORMED,30,21320,anon,0.8314406950899172,0.0005911795853032099,4.6904315196998124e-05
INFORMED,30,21420,anon,0.8312790462719741,0.0004238467763871961,4.668534080298786e-05
INFORMED,30,21520,anon,0.8312386340674884,0.00032329763588601903,4.646840148698885e-05
INFORMED,30,21620,anon,0.8310769852495454,0.0004041220448575467,4.625346901017576e-05
INFORMED,30,21720,anon,0.8308749242271165,0.0003381127607735451,4.604051565377532e-05
INFORMED,30,21820,anon,0.8306324510002021,0.00015120862342997204,4.5829514207149406e-05
INFORMED,30,21920,anon,0.830470802182259,0.00012779461144344782,4.562043795620438e-05
